CHEMBLID,FpDensityMorgan1,HeavyAtomMolWt,MaxAbsPartialCharge,MinPartialCharge,MolWt,NumValenceElectrons,Chi0n,Chi1v,Chi2v,FractionCSP3,HallKierAlpha,Kappa1,Kappa2,NumAliphaticCarbocycles,NumAliphaticHeterocycles,NumAliphaticRings,NumAmideBonds,NumAromaticCarbocycles,NumAromaticHeterocycles,NumAromaticRings,NumAtomStereoCenters,NumHBA,NumHBD,NumHeteroatoms,NumLipinskiHBA,NumRings,NumSaturatedHeterocycles,BertzCT,Halogen bond donor,"('[#6]~[#16]~[#7]', 0)","('[#16R]', 0)","('[#7]~[#6](~[#8])~[#7]', 0)","('[#7]~[#6](~[#6])~[#7]', 0)","('F', 0)","('[!#6;!#1;!H0]~*~[!#6;!#1;!H0]', 0)","('Br', 0)","('[#16]~*~[#7]', 0)","('[#7]~[#7]', 0)","('[!#6;!#1;!H0]~*~*~*~[!#6;!#1;!H0]', 0)","('[!#6;!#1;!H0]~*~*~[!#6;!#1;!H0]', 0)","('[#8]~[#16]~[#8]', 0)","('[#8R]', 0)","('*@*!@*@*', 0)","('*@*!@[#16]', 0)","('c:n', 0)","('[#6]~[#6](~[#6])(~[#6])~*', 0)","('[!#6;!#1]~[!#6;!#1;!H0]', 0)","('[#7]~[#8]', 0)","('[#8]~*~*~[#8]', 0)","('*!@[#7]@*', 0)","('[#7]~*~[#7]', 0)","('[#7]~*~*~[#7]', 0)","('[#7]~*~*~*~[#7]', 0)","('[!#6;!#1]1~*~*~*~*~1', 0)","('[#6]~[#7](~[#6])~[#6]', 0)","('[F,Cl,Br,I]!@*@*', 0)","('[#8]~*~*~*~[#8]', 0)","('[$([!#6;!#1;!H0]~*~*~[CH2]~*),$([!#6;!#1;!H0;R]1@[R]@[R]@[CH2;R]1),$([!#6;!#1;!H0]~[R]1@[R]@[CH2;R]1)]', 0)","('[$([!#6;!#1;!H0]~*~*~*~[CH2]~*),$([!#6;!#1;!H0;R]1@[R]@[R]@[R]@[CH2;R]1),$([!#6;!#1;!H0]~[R]1@[R]@[R]@[CH2;R]1),$([!#6;!#1;!H0]~*~[R]1@[R]@[CH2;R]1)]', 0)","('[#8]~[#6](~[#7])~[#6]', 0)","('[!#6;!#1]~[CH3]', 0)","('*~[CH2]~[#7]', 0)","('[!#6;!#1]~*(~[!#6;!#1])~[!#6;!#1]', 0)","('[#7]~*~[CH2]~*', 0)","('[CH3]~[CH2]~*', 0)","('[CH3]~*~[CH2]~*', 0)","('[!#6;R]', 1)","('[#7;R]', 0)","('*!@[#8]!@*', 0)","('[#8]~*~[CH2]~*', 0)","('[O;!H0]', 0)","('[CH3]', 2)","('*1~*~*~*~*~*~1', 1)","('[#8]', 2)","('[C;H3,H4]', 1)","('[#8]~[#6](~[#6])~[#6]', 0)","('[!#6;!#1]~[CH2]~*', 0)","('[C;H3,H4]', 0)"
CHEMBL366429,1.3333333333333333,350.3160000000001,0.3001488811894115,-0.3001488811894115,365.4360000000001,126.0,13.230668279731226,9.334365603297696,8.7536633407953,0.26666666666666666,-2.0999999999999996,16.747149034505696,5.762010150305275,0.0,1.0,1.0,1.0,1.0,1.0,2.0,1.0,6.0,1.0,9.0,7.0,3.0,0.0,949.3788129525155,0,1.0,1.0,0.0,0.0,0.0,0.0,0.0,1.0,0.0,0.0,0.0,1.0,0.0,0.0,0.0,1.0,0.0,0.0,0.0,0.0,1.0,1.0,1.0,0.0,1.0,0.0,0.0,1.0,0.0,0.0,1.0,1.0,0.0,1.0,0.0,0.0,0.0,1.0,1.0,0.0,0.0,0.0,1.0,1.0,1.0,1.0,1.0,0.0,1.0
CHEMBL176216,1.0357142857142858,446.6340000000002,0.3237712311473136,-0.3237712311473136,459.73800000000006,146.0,14.155364182737058,10.909578827840823,9.662276769588189,0.2222222222222222,-1.7999999999999994,19.513567273409645,6.914285714285713,1.0,1.0,2.0,2.0,2.0,0.0,2.0,1.0,4.0,1.0,10.0,6.0,4.0,0.0,1115.8089513490102,1,1.0,1.0,0.0,0.0,0.0,0.0,0.0,0.0,0.0,0.0,0.0,1.0,0.0,1.0,0.0,0.0,0.0,0.0,0.0,0.0,1.0,0.0,0.0,1.0,0.0,0.0,1.0,1.0,0.0,0.0,1.0,0.0,0.0,1.0,1.0,0.0,0.0,1.0,1.0,0.0,0.0,0.0,0.0,1.0,1.0,0.0,0.0,0.0,0.0
CHEMBL174680,0.9629629629629629,364.2970000000001,0.3242874753046079,-0.3242874753046079,380.42500000000007,136.0,14.416658278094786,9.749823512337112,8.269072591526193,0.1,-3.0299999999999994,17.387139218255523,6.29423814530149,0.0,1.0,1.0,1.0,3.0,0.0,3.0,1.0,4.0,1.0,7.0,6.0,4.0,0.0,1173.0657996047732,0,1.0,1.0,0.0,0.0,0.0,0.0,0.0,0.0,0.0,0.0,0.0,1.0,0.0,0.0,0.0,0.0,0.0,0.0,0.0,0.0,1.0,0.0,1.0,0.0,0.0,0.0,0.0,1.0,0.0,0.0,1.0,1.0,0.0,1.0,0.0,0.0,0.0,1.0,1.0,0.0,0.0,0.0,0.0,1.0,1.0,0.0,1.0,0.0,1.0
CHEMBL176357,1.2962962962962963,409.79100000000017,0.3088832953011573,-0.3088832953011573,421.88700000000017,138.0,13.840683560309332,10.401312312811536,9.316038768144688,0.11764705882352941,-2.33,18.052915404577863,6.378740203356052,0.0,1.0,1.0,1.0,1.0,2.0,3.0,1.0,6.0,1.0,10.0,7.0,4.0,0.0,1191.6138281637768,1,1.0,1.0,0.0,1.0,0.0,0.0,0.0,0.0,0.0,0.0,0.0,1.0,0.0,0.0,0.0,1.0,0.0,0.0,0.0,0.0,1.0,1.0,1.0,0.0,1.0,0.0,1.0,1.0,0.0,0.0,1.0,1.0,0.0,1.0,0.0,0.0,0.0,1.0,1.0,0.0,0.0,0.0,0.0,1.0,1.0,0.0,1.0,0.0,1.0
CHEMBL369840,1.0740740740740742,458.0650000000002,0.32377043309140235,-0.32377043309140235,468.14500000000015,142.0,13.464414554993938,10.271693392990109,9.19686503408181,0.125,-1.5099999999999985,20.230095177968085,7.144568481501947,0.0,1.0,1.0,2.0,2.0,0.0,2.0,1.0,4.0,1.0,11.0,6.0,3.0,0.0,1088.068127132235,1,1.0,1.0,0.0,0.0,0.0,0.0,0.0,0.0,0.0,0.0,0.0,1.0,0.0,0.0,0.0,0.0,0.0,0.0,0.0,0.0,1.0,0.0,0.0,1.0,0.0,0.0,1.0,1.0,0.0,0.0,1.0,1.0,0.0,1.0,0.0,0.0,0.0,1.0,1.0,0.0,0.0,0.0,0.0,1.0,1.0,0.0,0.0,0.0,1.0
CHEMBL262701,1.1538461538461537,374.33800000000014,0.3001213903833842,-0.3001213903833842,387.4420000000001,132.0,13.54006935648973,9.927765043372368,8.756763664922936,0.11764705882352941,-2.6199999999999997,16.827325236052538,5.974402957791849,0.0,1.0,1.0,1.0,2.0,1.0,3.0,1.0,6.0,1.0,9.0,7.0,4.0,0.0,1120.5341979425023,0,1.0,1.0,0.0,0.0,0.0,0.0,0.0,1.0,0.0,0.0,0.0,1.0,0.0,0.0,0.0,1.0,0.0,0.0,0.0,0.0,1.0,1.0,1.0,0.0,1.0,0.0,0.0,1.0,0.0,0.0,1.0,1.0,0.0,1.0,0.0,0.0,0.0,1.0,1.0,0.0,0.0,0.0,0.0,1.0,1.0,0.0,1.0,0.0,1.0
CHEMBL369226,1.3333333333333333,429.8470000000002,0.3001483898271582,-0.3001483898271582,441.9430000000001,140.0,14.016881043204316,11.126057184203127,10.611897831553131,0.1875,-1.8499999999999996,18.51038540046503,6.348974992917664,0.0,1.0,1.0,1.0,1.0,2.0,3.0,1.0,7.0,1.0,11.0,7.0,4.0,0.0,1214.9513138448483,1,1.0,1.0,0.0,0.0,0.0,0.0,0.0,1.0,0.0,0.0,0.0,1.0,0.0,0.0,0.0,1.0,0.0,0.0,0.0,0.0,1.0,1.0,1.0,0.0,1.0,0.0,1.0,1.0,0.0,0.0,1.0,1.0,0.0,1.0,0.0,0.0,0.0,1.0,1.0,0.0,0.0,0.0,0.0,1.0,1.0,1.0,1.0,0.0,1.0
CHEMBL174877,1.1818181818181819,296.266,0.3100188352091555,-0.3100188352091555,312.394,112.0,12.368110889598183,7.846849656921471,7.3993127148093025,0.23529411764705882,-2.1399999999999997,14.782990769673768,5.571465932492148,0.0,1.0,1.0,1.0,1.0,1.0,2.0,1.0,4.0,1.0,5.0,4.0,3.0,0.0,728.4486137301519,0,0.0,1.0,0.0,1.0,0.0,0.0,0.0,0.0,0.0,0.0,0.0,0.0,0.0,0.0,0.0,1.0,1.0,0.0,0.0,0.0,0.0,1.0,0.0,0.0,0.0,0.0,0.0,1.0,0.0,0.0,1.0,0.0,0.0,0.0,0.0,0.0,0.0,1.0,1.0,0.0,0.0,0.0,0.0,1.0,0.0,1.0,1.0,0.0,1.0
CHEMBL367858,1.4,366.31500000000005,0.4967212733489285,-0.4967212733489285,381.43500000000006,132.0,13.638916570195088,9.446738038993491,8.616139477233121,0.26666666666666666,-2.2999999999999994,17.520698585454607,6.208382909680908,0.0,1.0,1.0,1.0,1.0,1.0,2.0,1.0,7.0,1.0,10.0,8.0,3.0,0.0,967.2964909801478,0,1.0,1.0,0.0,0.0,0.0,0.0,0.0,1.0,0.0,0.0,0.0,1.0,0.0,0.0,0.0,1.0,0.0,0.0,0.0,0.0,1.0,1.0,1.0,0.0,1.0,0.0,0.0,1.0,0.0,0.0,1.0,1.0,0.0,1.0,0.0,0.0,0.0,1.0,1.0,1.0,0.0,0.0,1.0,1.0,1.0,1.0,1.0,0.0,1.0
CHEMBL265405,1.2916666666666667,353.70200000000006,0.30888378657432997,-0.30888378657432997,365.79800000000006,124.0,12.432435269845469,8.676567441419948,7.535107678905203,0.13333333333333333,-2.29,16.56368311494811,5.9701408656909605,0.0,1.0,1.0,1.0,1.0,1.0,2.0,1.0,5.0,1.0,9.0,7.0,3.0,0.0,930.9902800976816,1,1.0,1.0,0.0,1.0,0.0,0.0,0.0,0.0,0.0,0.0,0.0,1.0,0.0,0.0,0.0,1.0,0.0,0.0,0.0,0.0,1.0,1.0,1.0,0.0,0.0,0.0,1.0,1.0,0.0,0.0,1.0,1.0,0.0,1.0,0.0,0.0,0.0,1.0,1.0,0.0,0.0,0.0,0.0,1.0,1.0,0.0,1.0,0.0,1.0
CHEMBL369200,1.2692307692307692,376.3340000000001,0.33999739224701897,-0.33999739224701897,390.4460000000001,134.0,13.832582413610437,9.957501736003925,8.697354736181232,0.1875,-2.56,16.88419700586605,5.726927222642201,0.0,1.0,1.0,1.0,1.0,2.0,3.0,1.0,7.0,1.0,10.0,8.0,4.0,0.0,1148.596715113811,0,1.0,1.0,0.0,0.0,0.0,0.0,0.0,1.0,0.0,0.0,0.0,1.0,0.0,0.0,0.0,1.0,0.0,0.0,0.0,0.0,1.0,1.0,1.0,1.0,1.0,1.0,0.0,1.0,0.0,0.0,1.0,1.0,0.0,1.0,0.0,0.0,0.0,1.0,1.0,0.0,0.0,0.0,0.0,1.0,1.0,1.0,1.0,0.0,1.0
CHEMBL173890,1.16,344.2630000000001,0.4967212733489285,-0.4967212733489285,360.391,130.0,13.59285576098977,8.862195948032907,7.47132791706315,0.17647058823529413,-2.709999999999999,17.124045051551334,6.303111486359907,0.0,1.0,1.0,1.0,2.0,0.0,2.0,1.0,5.0,1.0,8.0,7.0,3.0,0.0,940.7654972438197,0,1.0,1.0,0.0,0.0,0.0,0.0,0.0,0.0,0.0,0.0,0.0,1.0,0.0,0.0,0.0,0.0,0.0,0.0,0.0,0.0,1.0,0.0,1.0,0.0,0.0,0.0,0.0,1.0,0.0,0.0,1.0,1.0,0.0,1.0,0.0,0.0,0.0,1.0,1.0,1.0,0.0,0.0,0.0,1.0,1.0,1.0,1.0,0.0,1.0
CHEMBL174889,1.3043478260869565,314.2610000000001,0.49379534081656606,-0.49379534081656606,329.3810000000001,118.0,12.875786734649967,7.759541844409886,6.576775571396411,0.1875,-2.6699999999999995,15.234339880821189,5.5107305577223,0.0,0.0,0.0,1.0,1.0,2.0,3.0,0.0,6.0,2.0,7.0,6.0,3.0,0.0,988.1345234347593,0,0.0,1.0,0.0,0.0,0.0,0.0,0.0,1.0,0.0,1.0,0.0,0.0,0.0,0.0,0.0,1.0,0.0,0.0,0.0,0.0,1.0,1.0,0.0,1.0,1.0,1.0,0.0,1.0,0.0,0.0,1.0,1.0,0.0,1.0,0.0,0.0,0.0,1.0,1.0,0.0,0.0,1.0,1.0,1.0,1.0,1.0,0.0,0.0,1.0
CHEMBL173889,1.1304347826086956,337.6990000000001,0.32537478574375495,-0.32537478574375495,349.7950000000001,118.0,11.822465129221724,8.83790887334697,7.633099978417443,0.125,-2.1799999999999997,15.705680027590848,5.7900905386560115,0.0,1.0,1.0,1.0,2.0,0.0,2.0,1.0,4.0,1.0,7.0,5.0,3.0,0.0,907.8011843265565,1,0.0,1.0,0.0,0.0,0.0,0.0,0.0,0.0,0.0,0.0,0.0,1.0,0.0,0.0,0.0,0.0,0.0,0.0,0.0,0.0,0.0,0.0,0.0,0.0,0.0,0.0,1.0,1.0,1.0,0.0,1.0,0.0,0.0,0.0,0.0,0.0,0.0,0.0,0.0,0.0,1.0,0.0,0.0,1.0,1.0,0.0,1.0,1.0,0.0
CHEMBL366878,1.125,396.1570000000002,0.32510719843689817,-0.32510719843689817,409.26100000000014,124.0,12.562571943535135,9.23588706099671,8.131111836900054,0.125,-2.1899999999999986,16.66023163039469,6.027113866436465,0.0,1.0,1.0,2.0,2.0,0.0,2.0,1.0,4.0,1.0,8.0,6.0,3.0,0.0,925.3485265339729,1,1.0,1.0,0.0,0.0,0.0,0.0,1.0,0.0,0.0,0.0,0.0,1.0,0.0,0.0,0.0,0.0,0.0,0.0,0.0,0.0,1.0,0.0,0.0,1.0,0.0,0.0,1.0,1.0,0.0,0.0,1.0,1.0,0.0,1.0,0.0,0.0,0.0,1.0,1.0,0.0,0.0,0.0,0.0,1.0,1.0,0.0,0.0,0.0,1.0
CHEMBL173246,1.4,366.3150000000001,0.496742146535387,-0.496742146535387,381.43500000000006,132.0,13.638916570195088,9.446738038993491,8.616139477233121,0.26666666666666666,-2.2999999999999994,17.520698585454607,6.208382909680908,0.0,1.0,1.0,1.0,1.0,1.0,2.0,1.0,7.0,1.0,10.0,8.0,3.0,0.0,967.2964909801478,0,1.0,1.0,0.0,0.0,0.0,0.0,0.0,1.0,0.0,0.0,0.0,1.0,0.0,0.0,0.0,1.0,0.0,0.0,0.0,0.0,1.0,1.0,1.0,0.0,1.0,0.0,0.0,1.0,0.0,0.0,1.0,1.0,0.0,1.0,0.0,0.0,0.0,1.0,1.0,1.0,0.0,0.0,1.0,1.0,1.0,1.0,1.0,0.0,1.0
CHEMBL368468,1.0,280.198,0.493795348146419,-0.493795348146419,294.3100000000001,110.0,11.907076194634278,6.764316150926343,4.92850968753249,0.058823529411764705,-3.0799999999999987,13.882694997605373,5.366112238903888,0.0,0.0,0.0,1.0,2.0,1.0,3.0,0.0,4.0,2.0,5.0,5.0,3.0,0.0,914.3305227650267,0,0.0,0.0,0.0,0.0,0.0,0.0,0.0,0.0,0.0,1.0,0.0,0.0,0.0,0.0,0.0,1.0,0.0,0.0,0.0,0.0,1.0,0.0,0.0,1.0,0.0,1.0,0.0,1.0,0.0,0.0,1.0,1.0,0.0,0.0,0.0,0.0,0.0,0.0,1.0,0.0,0.0,1.0,0.0,1.0,1.0,0.0,0.0,0.0,1.0
CHEMBL172077,1.1363636363636365,321.7000000000001,0.36929690086873523,-0.36929690086873523,333.79600000000005,112.0,11.323425631797035,8.113491839395259,6.45989083873996,0.0625,-1.9499999999999995,14.965359341015319,6.042175350040524,0.0,1.0,1.0,0.0,2.0,0.0,2.0,2.0,4.0,2.0,6.0,4.0,3.0,0.0,803.4828574088779,1,0.0,1.0,0.0,0.0,0.0,1.0,0.0,0.0,0.0,0.0,0.0,0.0,0.0,0.0,0.0,0.0,0.0,0.0,0.0,0.0,0.0,0.0,0.0,0.0,0.0,0.0,1.0,1.0,0.0,0.0,1.0,0.0,0.0,0.0,0.0,0.0,0.0,0.0,0.0,0.0,0.0,1.0,0.0,1.0,1.0,0.0,1.0,0.0,0.0
CHEMBL17956,1.206896551724138,409.7690000000001,0.4937807666172631,-0.4937807666172631,425.8970000000001,146.0,15.347609334793873,9.95973971755684,8.166805586093547,0.09523809523809523,-3.1599999999999984,19.169252598390667,7.692458630511029,0.0,0.0,0.0,1.0,2.0,2.0,4.0,0.0,6.0,2.0,8.0,6.0,4.0,0.0,1281.8161884214326,1,0.0,1.0,0.0,0.0,0.0,0.0,0.0,1.0,0.0,1.0,0.0,0.0,0.0,0.0,0.0,1.0,0.0,0.0,0.0,0.0,1.0,1.0,0.0,1.0,1.0,1.0,1.0,1.0,1.0,0.0,1.0,0.0,1.0,1.0,0.0,0.0,0.0,1.0,1.0,0.0,0.0,1.0,0.0,1.0,1.0,0.0,0.0,1.0,1.0
CHEMBL174713,1.2142857142857142,403.74200000000013,0.339995981765793,-0.339995981765793,418.86200000000014,144.0,14.879648865345427,10.070994632419863,8.761267142033319,0.16666666666666666,-2.75,18.605783538256716,6.40207106010195,0.0,1.0,1.0,1.0,1.0,2.0,3.0,1.0,6.0,1.0,10.0,8.0,4.0,0.0,1237.4541293384355,1,1.0,1.0,0.0,1.0,0.0,0.0,0.0,0.0,0.0,0.0,0.0,1.0,0.0,0.0,0.0,1.0,0.0,0.0,0.0,0.0,1.0,1.0,1.0,1.0,1.0,1.0,1.0,1.0,0.0,0.0,1.0,1.0,0.0,1.0,0.0,0.0,0.0,1.0,1.0,0.0,0.0,0.0,0.0,1.0,1.0,1.0,1.0,0.0,1.0
CHEMBL174494,1.1363636363636365,341.1540000000001,0.32537764827227705,-0.32537764827227705,352.2420000000001,112.0,11.306582752113599,8.315539185383772,6.802626777211264,0.125,-1.4900000000000002,15.40739473112399,6.324645206297169,0.0,1.0,1.0,1.0,2.0,0.0,2.0,1.0,3.0,1.0,6.0,3.0,3.0,0.0,763.5610677566152,1,0.0,1.0,0.0,0.0,0.0,0.0,0.0,0.0,0.0,0.0,0.0,0.0,0.0,0.0,0.0,0.0,0.0,0.0,0.0,0.0,0.0,0.0,0.0,0.0,0.0,0.0,1.0,1.0,1.0,0.0,1.0,0.0,0.0,0.0,0.0,0.0,0.0,0.0,0.0,0.0,0.0,0.0,0.0,1.0,0.0,0.0,1.0,1.0,0.0
CHEMBL173012,1.4166666666666667,357.30300000000005,0.3001488811891509,-0.3001488811891509,369.39900000000006,126.0,12.608632752740453,9.02334783980231,8.394530961841667,0.21428571428571427,-2.17,16.679544674836038,5.7235043308024975,0.0,1.0,1.0,1.0,1.0,1.0,2.0,1.0,6.0,1.0,10.0,7.0,3.0,0.0,954.6792029778368,0,1.0,1.0,0.0,0.0,1.0,0.0,0.0,1.0,0.0,0.0,0.0,1.0,0.0,0.0,0.0,1.0,0.0,0.0,0.0,0.0,1.0,1.0,1.0,0.0,1.0,0.0,1.0,1.0,0.0,0.0,1.0,1.0,0.0,1.0,0.0,0.0,0.0,1.0,1.0,0.0,0.0,0.0,0.0,1.0,1.0,1.0,1.0,0.0,1.0
CHEMBL177412,1.0769230769230769,422.6120000000001,0.32377265546305295,-0.32377265546305295,433.7000000000002,136.0,13.163800351174338,9.788080016809602,8.676306824692132,0.125,-1.7999999999999985,18.975304469436516,6.735960033933453,0.0,1.0,1.0,2.0,2.0,0.0,2.0,1.0,4.0,1.0,10.0,6.0,3.0,0.0,1039.7855307075029,1,1.0,1.0,0.0,0.0,0.0,0.0,0.0,0.0,0.0,0.0,0.0,1.0,0.0,0.0,0.0,0.0,0.0,0.0,0.0,0.0,1.0,0.0,0.0,1.0,0.0,0.0,1.0,1.0,0.0,0.0,1.0,1.0,0.0,1.0,0.0,0.0,0.0,1.0,1.0,0.0,0.0,0.0,0.0,1.0,1.0,0.0,0.0,0.0,1.0
CHEMBL176988,1.3333333333333333,307.69700000000006,0.31003780640204653,-0.31003780640204653,318.7850000000001,106.0,10.87583187460433,7.697706092915965,6.070821548760485,0.13333333333333333,-1.85,14.10266837684221,5.8725976254713155,0.0,1.0,1.0,1.0,1.0,1.0,2.0,1.0,4.0,1.0,6.0,4.0,3.0,0.0,706.0747348001113,1,0.0,1.0,0.0,1.0,0.0,0.0,0.0,0.0,0.0,0.0,0.0,0.0,0.0,0.0,0.0,1.0,0.0,0.0,0.0,0.0,0.0,1.0,0.0,0.0,0.0,0.0,1.0,1.0,1.0,0.0,1.0,0.0,0.0,0.0,0.0,0.0,0.0,1.0,1.0,0.0,0.0,0.0,0.0,1.0,0.0,0.0,1.0,1.0,0.0
CHEMBL173830,1.375,350.3160000000001,0.3001487417387527,-0.3001487417387527,365.4360000000001,126.0,13.015125330107399,9.484342172554557,8.339851684528165,0.26666666666666666,-2.0999999999999996,16.747149034505696,6.078545986001865,0.0,1.0,1.0,1.0,1.0,1.0,2.0,1.0,6.0,1.0,9.0,7.0,3.0,0.0,920.3053126454902,0,1.0,1.0,0.0,0.0,0.0,0.0,0.0,1.0,0.0,0.0,0.0,1.0,0.0,0.0,0.0,1.0,0.0,0.0,0.0,0.0,1.0,1.0,1.0,0.0,1.0,0.0,0.0,1.0,0.0,1.0,1.0,1.0,0.0,1.0,0.0,1.0,0.0,1.0,1.0,0.0,0.0,0.0,0.0,1.0,1.0,1.0,1.0,0.0,1.0
CHEMBL177093,1.0434782608695652,316.253,0.32428747824630455,-0.32428747824630455,330.36500000000007,118.0,12.261957739715534,8.339139909814152,7.10539745693138,0.125,-2.51,15.388161151015984,5.601434638737464,0.0,1.0,1.0,1.0,2.0,0.0,2.0,1.0,4.0,1.0,7.0,6.0,3.0,0.0,877.9630657394952,0,1.0,1.0,0.0,0.0,0.0,0.0,0.0,0.0,0.0,0.0,0.0,1.0,0.0,0.0,0.0,0.0,0.0,0.0,0.0,0.0,1.0,0.0,1.0,0.0,0.0,0.0,0.0,1.0,0.0,0.0,1.0,1.0,0.0,1.0,0.0,0.0,0.0,1.0,1.0,0.0,0.0,0.0,0.0,1.0,1.0,0.0,1.0,0.0,1.0
CHEMBL441496,1.1785714285714286,380.3000000000001,0.3371444922831209,-0.3371444922831209,398.4440000000001,144.0,15.286141442712372,10.169485272086492,8.36575135335474,0.21052631578947367,-3.04,18.329215372052044,6.536047709846242,0.0,1.0,1.0,1.0,1.0,2.0,3.0,1.0,6.0,1.0,9.0,8.0,4.0,0.0,1201.4016076761745,0,1.0,1.0,0.0,1.0,0.0,0.0,0.0,0.0,0.0,0.0,0.0,1.0,0.0,0.0,0.0,1.0,0.0,0.0,0.0,0.0,1.0,1.0,1.0,1.0,1.0,1.0,0.0,1.0,0.0,0.0,1.0,1.0,1.0,1.0,0.0,1.0,0.0,1.0,1.0,0.0,0.0,0.0,0.0,1.0,1.0,1.0,1.0,1.0,1.0
CHEMBL175001,1.2307692307692308,374.33800000000014,0.3001568840456531,-0.3001568840456531,387.4420000000001,132.0,13.54006935648973,9.973758147526969,8.634870407647929,0.11764705882352941,-2.6199999999999997,16.827325236052538,5.974402957791849,0.0,1.0,1.0,1.0,2.0,1.0,3.0,1.0,6.0,1.0,9.0,7.0,4.0,0.0,1140.034197942502,0,1.0,1.0,0.0,0.0,0.0,0.0,0.0,1.0,0.0,0.0,0.0,1.0,0.0,0.0,0.0,1.0,0.0,0.0,0.0,0.0,1.0,1.0,1.0,0.0,1.0,0.0,0.0,1.0,0.0,0.0,1.0,1.0,0.0,1.0,0.0,0.0,0.0,1.0,1.0,0.0,0.0,0.0,0.0,1.0,1.0,0.0,1.0,0.0,1.0
CHEMBL369843,1.2,370.70400000000006,0.3242857249996152,-0.3242857249996152,382.80000000000007,130.0,12.863186147354735,8.916436060878528,7.827022803190047,0.125,-2.29,17.530378388497176,6.2140347646633645,0.0,1.0,1.0,1.0,2.0,0.0,2.0,1.0,4.0,1.0,9.0,6.0,3.0,0.0,976.1292783178168,1,1.0,1.0,0.0,0.0,1.0,0.0,0.0,0.0,0.0,0.0,0.0,1.0,0.0,0.0,0.0,0.0,0.0,0.0,0.0,0.0,1.0,0.0,1.0,0.0,0.0,0.0,1.0,1.0,0.0,0.0,1.0,1.0,0.0,1.0,0.0,0.0,0.0,1.0,1.0,0.0,0.0,0.0,0.0,1.0,1.0,0.0,1.0,0.0,1.0
CHEMBL177933,1.1304347826086956,353.16500000000013,0.3253682340703981,-0.3253682340703981,366.269,118.0,12.176826240116677,8.659055874844977,7.5969409137655335,0.17647058823529413,-1.4899999999999993,16.370670708374817,6.555265416791325,0.0,1.0,1.0,1.0,2.0,0.0,2.0,2.0,3.0,1.0,6.0,3.0,3.0,0.0,793.9128768067088,1,0.0,1.0,0.0,0.0,0.0,0.0,0.0,0.0,0.0,0.0,0.0,0.0,0.0,0.0,0.0,0.0,0.0,0.0,0.0,0.0,0.0,0.0,0.0,0.0,0.0,0.0,1.0,1.0,0.0,0.0,1.0,0.0,0.0,0.0,0.0,0.0,0.0,0.0,0.0,0.0,0.0,0.0,0.0,1.0,0.0,0.0,1.0,0.0,1.0
CHEMBL366449,1.3043478260869565,358.36100000000005,0.3001488736066716,-0.3001488736066716,371.4650000000001,122.0,12.484216031815837,9.648426872166326,9.79539551029467,0.3076923076923077,-1.62,16.24527421754316,5.47814005137467,0.0,1.0,1.0,1.0,0.0,2.0,2.0,1.0,7.0,1.0,10.0,7.0,3.0,0.0,912.794835580512,0,1.0,1.0,0.0,0.0,0.0,0.0,0.0,1.0,0.0,0.0,0.0,1.0,0.0,0.0,0.0,1.0,0.0,0.0,0.0,0.0,1.0,1.0,1.0,0.0,1.0,0.0,0.0,1.0,0.0,0.0,1.0,1.0,0.0,1.0,0.0,0.0,0.0,1.0,1.0,0.0,0.0,0.0,1.0,0.0,1.0,1.0,1.0,0.0,1.0
CHEMBL424788,1.434782608695652,361.74700000000007,0.30098539332286767,-0.30098539332286767,371.82700000000006,120.0,11.685983021930078,9.044787899638441,8.021124228396033,0.15384615384615385,-1.9699999999999993,15.907916229637987,5.587660379387486,0.0,1.0,1.0,2.0,1.0,1.0,2.0,1.0,6.0,1.0,10.0,7.0,3.0,0.0,895.9483829116086,1,1.0,1.0,0.0,0.0,0.0,0.0,0.0,1.0,0.0,0.0,0.0,1.0,0.0,0.0,0.0,1.0,0.0,0.0,0.0,0.0,1.0,1.0,0.0,1.0,1.0,0.0,1.0,1.0,0.0,0.0,1.0,1.0,0.0,1.0,0.0,0.0,0.0,1.0,1.0,0.0,0.0,0.0,0.0,1.0,1.0,0.0,0.0,0.0,1.0
CHEMBL174930,1.2916666666666667,353.7020000000001,0.30971234703132805,-0.30971234703132805,365.7980000000001,124.0,12.432435269845469,8.68065048401758,7.504278909035819,0.13333333333333333,-2.4499999999999993,16.409264067507806,5.879367225527314,0.0,1.0,1.0,2.0,1.0,1.0,2.0,1.0,5.0,1.0,9.0,7.0,3.0,0.0,930.9902800976816,1,1.0,1.0,0.0,1.0,0.0,0.0,0.0,0.0,0.0,0.0,0.0,1.0,0.0,0.0,0.0,1.0,0.0,0.0,0.0,0.0,1.0,1.0,0.0,1.0,0.0,0.0,1.0,1.0,0.0,0.0,1.0,1.0,0.0,1.0,0.0,0.0,0.0,1.0,1.0,0.0,0.0,0.0,0.0,1.0,1.0,0.0,0.0,0.0,1.0
CHEMBL178073,1.3181818181818181,319.7080000000001,0.31002835242032983,-0.31002835242032983,332.812,112.0,11.746075362607408,8.041222782377169,6.865135685314754,0.1875,-1.8499999999999994,15.061393179073525,6.103234860889738,0.0,1.0,1.0,1.0,1.0,1.0,2.0,2.0,4.0,1.0,6.0,4.0,3.0,0.0,736.1805945292441,1,0.0,1.0,0.0,1.0,0.0,0.0,0.0,0.0,0.0,0.0,0.0,0.0,0.0,0.0,0.0,1.0,0.0,0.0,0.0,0.0,0.0,1.0,0.0,0.0,0.0,0.0,1.0,1.0,0.0,0.0,1.0,0.0,0.0,0.0,0.0,0.0,0.0,1.0,1.0,0.0,0.0,0.0,0.0,1.0,0.0,0.0,1.0,0.0,1.0
CHEMBL173724,1.1923076923076923,511.5140000000002,0.32407429171738644,-0.32407429171738644,522.6020000000001,136.0,13.163800351174338,10.612164545762143,9.683481659251989,0.125,-1.4199999999999986,19.344589883260557,6.953808170344969,0.0,1.0,1.0,2.0,2.0,0.0,2.0,1.0,4.0,1.0,10.0,6.0,3.0,0.0,1042.5404182096663,1,1.0,1.0,0.0,0.0,0.0,0.0,1.0,0.0,0.0,0.0,0.0,1.0,0.0,0.0,0.0,0.0,0.0,0.0,0.0,0.0,1.0,0.0,0.0,1.0,0.0,0.0,1.0,1.0,0.0,0.0,1.0,1.0,0.0,1.0,0.0,0.0,0.0,1.0,1.0,0.0,0.0,0.0,0.0,1.0,1.0,0.0,0.0,0.0,1.0
CHEMBL176485,1.434782608695652,342.29300000000006,0.4567018558468346,-0.4567018558468346,355.39700000000005,122.0,12.484216031815837,8.8319302912386,8.304474564883261,0.3076923076923077,-2.04,15.840489018927025,5.252587282847024,0.0,1.0,1.0,1.0,0.0,2.0,2.0,1.0,7.0,1.0,10.0,8.0,3.0,0.0,911.9400826082385,0,1.0,1.0,0.0,0.0,0.0,0.0,0.0,1.0,0.0,0.0,0.0,1.0,1.0,0.0,0.0,1.0,0.0,0.0,0.0,1.0,1.0,1.0,1.0,0.0,1.0,0.0,0.0,1.0,0.0,0.0,1.0,1.0,0.0,1.0,0.0,0.0,0.0,1.0,1.0,0.0,0.0,0.0,1.0,0.0,1.0,1.0,1.0,0.0,1.0
CHEMBL368422,1.391304347826087,337.7030000000001,0.49379533695188144,-0.49379533695188144,349.7990000000001,118.0,12.253751207659194,7.826488553923727,6.654078972914762,0.13333333333333333,-2.3799999999999994,15.513202653927067,5.675501323104928,0.0,0.0,0.0,1.0,1.0,2.0,3.0,0.0,6.0,2.0,8.0,6.0,3.0,0.0,993.5311645006316,1,0.0,1.0,0.0,0.0,0.0,0.0,0.0,1.0,0.0,1.0,0.0,0.0,0.0,0.0,0.0,1.0,0.0,0.0,0.0,0.0,1.0,1.0,0.0,1.0,1.0,1.0,1.0,1.0,0.0,0.0,1.0,1.0,0.0,1.0,0.0,0.0,0.0,1.0,1.0,0.0,0.0,1.0,0.0,1.0,1.0,1.0,0.0,0.0,1.0
CHEMBL176955,1.2916666666666667,337.247,0.30888378660078536,-0.30888378660078536,349.3430000000001,124.0,12.432435269845469,8.29860296841072,7.098671898433218,0.13333333333333333,-2.65,16.216343556988203,5.7665693840829935,0.0,1.0,1.0,1.0,1.0,1.0,2.0,1.0,5.0,1.0,9.0,7.0,3.0,0.0,930.9902800976816,0,1.0,1.0,0.0,1.0,1.0,0.0,0.0,0.0,0.0,0.0,0.0,1.0,0.0,0.0,0.0,1.0,0.0,0.0,0.0,0.0,1.0,1.0,1.0,0.0,0.0,0.0,1.0,1.0,0.0,0.0,1.0,1.0,0.0,1.0,0.0,0.0,0.0,1.0,1.0,0.0,0.0,0.0,0.0,1.0,1.0,0.0,1.0,0.0,1.0
CHEMBL174925,1.0869565217391304,314.26099999999997,0.3402126036463654,-0.3402126036463654,327.36500000000007,116.0,12.223572775562003,8.498896026748845,7.389314151390651,0.125,-2.51,14.105861101188681,4.740834347148038,0.0,1.0,1.0,0.0,2.0,1.0,3.0,1.0,4.0,1.0,7.0,6.0,4.0,0.0,1006.4148966641187,0,1.0,1.0,0.0,1.0,0.0,0.0,0.0,0.0,0.0,0.0,0.0,1.0,0.0,1.0,0.0,1.0,0.0,0.0,0.0,0.0,1.0,1.0,1.0,0.0,1.0,0.0,0.0,0.0,0.0,0.0,0.0,1.0,0.0,1.0,0.0,0.0,0.0,1.0,1.0,0.0,0.0,0.0,0.0,1.0,1.0,0.0,1.0,0.0,1.0
CHEMBL177503,1.2307692307692308,374.33800000000014,0.3009850613464524,-0.3009850613464524,387.4420000000001,132.0,13.54006935648973,9.9778411901246,8.601050105706692,0.11764705882352941,-2.7799999999999994,16.675733653106,5.88869198800957,0.0,1.0,1.0,2.0,2.0,1.0,3.0,1.0,6.0,1.0,9.0,7.0,4.0,0.0,1140.034197942502,0,1.0,1.0,0.0,0.0,0.0,0.0,0.0,1.0,0.0,0.0,0.0,1.0,0.0,0.0,0.0,1.0,0.0,0.0,0.0,0.0,1.0,1.0,0.0,1.0,1.0,0.0,0.0,1.0,0.0,0.0,1.0,1.0,0.0,1.0,0.0,0.0,0.0,1.0,1.0,0.0,0.0,0.0,0.0,1.0,1.0,0.0,0.0,0.0,1.0
CHEMBL177956,1.0434782608695652,312.265,0.36081326521040685,-0.36081326521040685,326.37700000000007,116.0,12.35370944925167,8.629032700438515,7.539722000874813,0.11764705882352941,-2.4399999999999995,14.171317850461636,4.776102372519199,0.0,1.0,1.0,0.0,2.0,1.0,3.0,1.0,3.0,1.0,6.0,5.0,4.0,0.0,1036.6829158650266,0,1.0,1.0,0.0,0.0,0.0,0.0,0.0,0.0,0.0,0.0,0.0,1.0,0.0,1.0,0.0,1.0,0.0,0.0,0.0,0.0,1.0,0.0,0.0,1.0,1.0,0.0,0.0,0.0,0.0,0.0,0.0,1.0,0.0,1.0,0.0,0.0,0.0,1.0,1.0,0.0,0.0,0.0,0.0,1.0,1.0,0.0,1.0,0.0,1.0
CHEMBL366747,1.3076923076923077,395.29900000000015,0.4337613938610627,-0.3001439632236592,405.37900000000013,138.0,12.941911967948531,9.300770963782147,8.13313260877256,0.21428571428571427,-2.31,18.480164977186295,6.141717122364464,0.0,1.0,1.0,1.0,1.0,1.0,2.0,1.0,6.0,1.0,12.0,7.0,3.0,0.0,1000.8610922916706,0,1.0,1.0,0.0,0.0,1.0,0.0,0.0,1.0,0.0,0.0,0.0,1.0,0.0,0.0,0.0,1.0,0.0,0.0,0.0,0.0,1.0,1.0,1.0,0.0,1.0,0.0,0.0,1.0,0.0,0.0,1.0,1.0,0.0,1.0,0.0,0.0,0.0,1.0,1.0,0.0,0.0,0.0,0.0,1.0,1.0,0.0,1.0,0.0,1.0
CHEMBL172491,1.0740740740740742,366.29300000000006,0.3088837865791719,-0.3088837865791719,381.4130000000001,136.0,14.28652160440512,9.609620731906105,8.089995482839745,0.10526315789473684,-3.0999999999999996,17.3206547725985,6.255984529593701,0.0,1.0,1.0,1.0,2.0,1.0,3.0,1.0,5.0,1.0,8.0,7.0,4.0,0.0,1176.038851244929,0,1.0,1.0,0.0,1.0,0.0,0.0,0.0,0.0,0.0,0.0,0.0,1.0,0.0,0.0,0.0,1.0,0.0,0.0,0.0,0.0,1.0,1.0,1.0,0.0,0.0,0.0,0.0,1.0,0.0,0.0,1.0,1.0,0.0,1.0,0.0,0.0,0.0,1.0,1.0,0.0,0.0,0.0,0.0,1.0,1.0,0.0,1.0,0.0,1.0
CHEMBL176504,1.2307692307692308,374.33800000000014,0.3009853907704393,-0.3009853907704393,387.4420000000001,132.0,13.540069356489731,9.971858125980892,8.639725240301505,0.11764705882352941,-2.7799999999999994,16.675733653106,5.88869198800957,0.0,1.0,1.0,2.0,2.0,1.0,3.0,1.0,6.0,1.0,9.0,7.0,4.0,0.0,1140.034197942502,0,1.0,1.0,0.0,0.0,0.0,0.0,0.0,1.0,0.0,0.0,0.0,1.0,0.0,0.0,0.0,1.0,0.0,0.0,0.0,0.0,1.0,1.0,0.0,1.0,1.0,0.0,0.0,1.0,0.0,0.0,1.0,1.0,0.0,1.0,0.0,0.0,0.0,1.0,1.0,0.0,0.0,0.0,0.0,1.0,1.0,0.0,0.0,0.0,1.0
CHEMBL367118,1.25,330.26,0.30888378660104593,-0.30888378660104593,345.38000000000005,124.0,13.054470796836242,8.609620731906107,7.457804277386852,0.1875,-2.58,16.2838525248297,5.805963563176693,0.0,1.0,1.0,1.0,1.0,1.0,2.0,1.0,5.0,1.0,8.0,7.0,3.0,0.0,925.5936390318094,0,1.0,1.0,0.0,1.0,0.0,0.0,0.0,0.0,0.0,0.0,0.0,1.0,0.0,0.0,0.0,1.0,0.0,0.0,0.0,0.0,1.0,1.0,1.0,0.0,0.0,0.0,0.0,1.0,0.0,0.0,1.0,1.0,0.0,1.0,0.0,0.0,0.0,1.0,1.0,0.0,0.0,0.0,0.0,1.0,1.0,1.0,1.0,0.0,1.0
CHEMBL177082,1.3333333333333333,350.3160000000001,0.300148881184235,-0.300148881184235,365.4360000000001,126.0,13.230668279731226,9.334365603297696,8.7536633407953,0.26666666666666666,-2.0999999999999996,16.747149034505696,5.762010150305275,0.0,1.0,1.0,1.0,1.0,1.0,2.0,1.0,6.0,1.0,9.0,7.0,3.0,0.0,949.3788129525155,0,1.0,1.0,0.0,0.0,0.0,0.0,0.0,1.0,0.0,0.0,0.0,1.0,0.0,0.0,0.0,1.0,0.0,0.0,0.0,0.0,1.0,1.0,1.0,0.0,1.0,0.0,0.0,1.0,0.0,0.0,1.0,1.0,0.0,1.0,0.0,0.0,0.0,1.0,1.0,0.0,0.0,0.0,1.0,1.0,1.0,1.0,1.0,0.0,1.0
CHEMBL173072,1.16,387.1590000000001,0.3237726555119031,-0.3237726555119031,399.25500000000017,130.0,12.863186147354737,9.304466640629093,8.176347413286072,0.125,-2.0899999999999985,17.724026440589572,6.327439212368974,0.0,1.0,1.0,2.0,2.0,0.0,2.0,1.0,4.0,1.0,9.0,6.0,3.0,0.0,991.3792783178167,1,1.0,1.0,0.0,0.0,0.0,0.0,0.0,0.0,0.0,0.0,0.0,1.0,0.0,0.0,0.0,0.0,0.0,0.0,0.0,0.0,1.0,0.0,0.0,1.0,0.0,0.0,1.0,1.0,0.0,0.0,1.0,1.0,0.0,1.0,0.0,0.0,0.0,1.0,1.0,0.0,0.0,0.0,0.0,1.0,1.0,0.0,0.0,0.0,1.0
CHEMBL175457,0.9629629629629629,364.2970000000001,0.32510819117057654,-0.32510819117057654,380.4250000000001,136.0,14.416658278094786,9.753906554934744,8.235252289584956,0.1,-3.1899999999999986,17.235200420548207,6.206921907461581,0.0,1.0,1.0,2.0,3.0,0.0,3.0,1.0,4.0,1.0,7.0,6.0,4.0,0.0,1173.0657996047732,0,1.0,1.0,0.0,0.0,0.0,0.0,0.0,0.0,0.0,0.0,0.0,1.0,0.0,0.0,0.0,0.0,0.0,0.0,0.0,0.0,1.0,0.0,0.0,1.0,0.0,0.0,0.0,1.0,0.0,0.0,1.0,1.0,0.0,1.0,0.0,0.0,0.0,1.0,1.0,0.0,0.0,0.0,0.0,1.0,1.0,0.0,0.0,0.0,1.0
CHEMBL425509,1.2916666666666667,350.3160000000001,0.30014063804040036,-0.30014063804040036,365.4360000000001,126.0,13.230668279731226,9.350414774182742,8.603181415513959,0.26666666666666666,-2.0999999999999996,16.747149034505696,5.762010150305275,0.0,1.0,1.0,1.0,1.0,1.0,2.0,1.0,6.0,1.0,9.0,7.0,3.0,0.0,929.8788129525154,0,1.0,1.0,0.0,0.0,0.0,0.0,0.0,1.0,0.0,0.0,0.0,1.0,0.0,0.0,0.0,1.0,0.0,0.0,0.0,0.0,1.0,1.0,1.0,0.0,1.0,0.0,0.0,1.0,0.0,0.0,1.0,1.0,0.0,1.0,0.0,0.0,0.0,1.0,1.0,0.0,0.0,0.0,1.0,1.0,1.0,1.0,1.0,0.0,1.0
CHEMBL177856,1.173913043478261,318.249,0.309712353284606,-0.309712353284606,331.3530000000001,118.0,12.131821066025868,8.203020171980778,6.923521183823518,0.13333333333333333,-2.7399999999999993,15.167069841108392,5.4712065660453755,0.0,1.0,1.0,2.0,1.0,1.0,2.0,1.0,5.0,1.0,8.0,7.0,3.0,0.0,880.604819303204,0,1.0,1.0,0.0,1.0,0.0,0.0,0.0,0.0,0.0,0.0,0.0,1.0,0.0,0.0,0.0,1.0,0.0,0.0,0.0,0.0,1.0,1.0,0.0,1.0,0.0,0.0,0.0,1.0,0.0,0.0,1.0,1.0,0.0,1.0,0.0,0.0,0.0,1.0,1.0,0.0,0.0,0.0,0.0,1.0,1.0,0.0,0.0,0.0,1.0
CHEMBL177433,1.4545454545454546,346.35,0.30015687940862124,-0.30015687940862124,357.43800000000005,116.0,11.561566301005463,9.2878194163956,9.016381766246433,0.25,-1.62,15.282399930999288,5.230330466826931,0.0,1.0,1.0,1.0,0.0,2.0,2.0,1.0,7.0,1.0,10.0,7.0,3.0,0.0,854.3184597995775,0,1.0,1.0,0.0,0.0,0.0,0.0,0.0,1.0,0.0,0.0,0.0,1.0,0.0,0.0,0.0,1.0,0.0,0.0,0.0,0.0,1.0,1.0,1.0,0.0,1.0,0.0,0.0,1.0,0.0,0.0,1.0,1.0,0.0,1.0,0.0,0.0,0.0,1.0,1.0,0.0,0.0,0.0,0.0,0.0,1.0,1.0,1.0,0.0,1.0
CHEMBL426222,1.0714285714285714,378.30400000000014,0.3371444923053471,-0.3371444923053471,397.4560000000001,144.0,15.41627811640204,10.3096880525175,8.516798856593221,0.2,-2.9699999999999998,18.395948949503545,6.574220644473146,0.0,1.0,1.0,1.0,2.0,1.0,3.0,1.0,5.0,1.0,8.0,7.0,4.0,0.0,1198.9187810316919,0,1.0,1.0,0.0,0.0,0.0,0.0,0.0,0.0,0.0,0.0,0.0,1.0,0.0,0.0,0.0,1.0,0.0,0.0,0.0,0.0,1.0,0.0,1.0,1.0,1.0,1.0,0.0,1.0,0.0,0.0,1.0,1.0,1.0,1.0,0.0,1.0,0.0,1.0,1.0,0.0,0.0,0.0,0.0,1.0,1.0,1.0,1.0,1.0,1.0
CHEMBL367235,1.25,330.26,0.3088837865958704,-0.3088837865958704,345.38000000000005,124.0,13.054470796836242,8.609620731906107,7.457804277386852,0.1875,-2.58,16.2838525248297,5.805963563176693,0.0,1.0,1.0,1.0,1.0,1.0,2.0,1.0,5.0,1.0,8.0,7.0,3.0,0.0,925.5936390318094,0,1.0,1.0,0.0,1.0,0.0,0.0,0.0,0.0,0.0,0.0,0.0,1.0,0.0,0.0,0.0,1.0,0.0,0.0,0.0,0.0,1.0,1.0,1.0,0.0,0.0,0.0,0.0,1.0,0.0,0.0,1.0,1.0,0.0,1.0,0.0,0.0,0.0,1.0,1.0,0.0,0.0,0.0,0.0,1.0,1.0,1.0,1.0,0.0,1.0
CHEMBL175080,1.3333333333333333,355.307,0.32177143551369203,-0.32177143551369203,368.41100000000006,126.0,12.73876942643012,9.169533684377024,8.764404824395866,0.2,-2.1,16.747149034505696,5.762010150305275,0.0,1.0,1.0,1.0,1.0,1.0,2.0,1.0,5.0,1.0,9.0,6.0,3.0,0.0,952.133700454679,0,1.0,1.0,0.0,0.0,1.0,0.0,0.0,0.0,0.0,0.0,0.0,1.0,0.0,0.0,0.0,0.0,0.0,0.0,0.0,0.0,1.0,0.0,1.0,0.0,1.0,0.0,1.0,1.0,0.0,0.0,1.0,1.0,0.0,1.0,0.0,0.0,0.0,1.0,1.0,0.0,0.0,0.0,0.0,1.0,1.0,1.0,1.0,0.0,1.0
CHEMBL369492,1.08,387.1590000000001,0.3251067630184396,-0.3251067630184396,399.25500000000017,130.0,12.863186147354735,9.298483576485385,8.23262981379265,0.125,-2.0899999999999985,17.724026440589572,6.327439212368974,0.0,1.0,1.0,2.0,2.0,0.0,2.0,1.0,4.0,1.0,9.0,6.0,3.0,0.0,974.1292783178168,1,1.0,1.0,0.0,0.0,0.0,0.0,0.0,0.0,0.0,0.0,0.0,1.0,0.0,0.0,0.0,0.0,0.0,0.0,0.0,0.0,1.0,0.0,0.0,1.0,0.0,0.0,1.0,1.0,0.0,0.0,1.0,1.0,0.0,1.0,0.0,0.0,0.0,1.0,1.0,0.0,0.0,0.0,0.0,1.0,1.0,0.0,0.0,0.0,1.0
CHEMBL176621,1.3333333333333333,391.81800000000004,0.3250794982551656,-0.3250794982551656,402.9060000000001,126.0,12.18598302193008,9.698384540340216,9.251016263873357,0.14285714285714285,-1.5499999999999994,17.27878542662501,6.0676599403748295,0.0,1.0,1.0,2.0,1.0,1.0,2.0,1.0,6.0,2.0,10.0,6.0,3.0,0.0,937.4292029778367,1,1.0,1.0,0.0,0.0,0.0,0.0,0.0,0.0,0.0,0.0,0.0,1.0,0.0,0.0,1.0,0.0,0.0,1.0,0.0,0.0,1.0,0.0,0.0,1.0,1.0,0.0,1.0,1.0,0.0,0.0,1.0,0.0,0.0,1.0,0.0,0.0,0.0,1.0,1.0,0.0,0.0,0.0,0.0,1.0,1.0,0.0,0.0,0.0,1.0
CHEMBL175326,1.4166666666666667,357.3030000000001,0.3001488811360577,-0.3001488811360577,369.39900000000006,126.0,12.608632752740453,9.02334783980231,8.394530961841667,0.21428571428571427,-2.17,16.679544674836038,5.7235043308024975,0.0,1.0,1.0,1.0,1.0,1.0,2.0,1.0,6.0,1.0,10.0,7.0,3.0,0.0,954.6792029778368,0,1.0,1.0,0.0,0.0,1.0,0.0,0.0,1.0,0.0,0.0,0.0,1.0,0.0,0.0,0.0,1.0,0.0,0.0,0.0,0.0,1.0,1.0,1.0,0.0,1.0,0.0,1.0,1.0,0.0,0.0,1.0,1.0,0.0,1.0,0.0,0.0,0.0,1.0,1.0,0.0,0.0,0.0,0.0,1.0,1.0,1.0,1.0,0.0,1.0
CHEMBL180584,1.4761904761904763,327.75300000000004,0.3013028285635749,-0.3013028285635749,338.84100000000007,108.0,11.052029357499315,8.422450964307554,7.366680612168935,0.21428571428571427,-1.3699999999999997,14.562400483994145,5.787874367201625,0.0,1.0,1.0,1.0,1.0,1.0,2.0,1.0,5.0,1.0,7.0,4.0,3.0,0.0,729.5141288347209,1,0.0,1.0,0.0,0.0,0.0,0.0,0.0,1.0,0.0,0.0,0.0,0.0,0.0,0.0,0.0,1.0,0.0,0.0,0.0,0.0,0.0,1.0,0.0,0.0,1.0,0.0,1.0,1.0,1.0,0.0,1.0,0.0,0.0,1.0,0.0,0.0,0.0,1.0,1.0,0.0,0.0,0.0,0.0,1.0,0.0,0.0,1.0,1.0,1.0
CHEMBL174777,1.0769230769230769,422.61200000000014,0.3237712339421259,-0.3237712339421259,433.7000000000001,136.0,13.163800351174338,9.782096952665894,8.757105138498373,0.125,-1.7999999999999985,18.975304469436516,6.735960033933453,0.0,1.0,1.0,2.0,2.0,0.0,2.0,1.0,4.0,1.0,10.0,6.0,3.0,0.0,1039.7855307075029,1,1.0,1.0,0.0,0.0,0.0,0.0,0.0,0.0,0.0,0.0,0.0,1.0,0.0,0.0,0.0,0.0,0.0,0.0,0.0,0.0,1.0,0.0,0.0,1.0,0.0,0.0,1.0,1.0,0.0,0.0,1.0,1.0,0.0,1.0,0.0,0.0,0.0,1.0,1.0,0.0,0.0,0.0,0.0,1.0,1.0,0.0,0.0,0.0,1.0
CHEMBL2371669,0.9166666666666666,614.4280000000002,0.3467003854047029,-0.3467003854047029,667.8520000000001,264.0,29.049914595417874,17.679684733465297,14.642809925487695,0.7142857142857143,-3.9000000000000004,36.927619781735565,16.47203430215133,2.0,1.0,3.0,5.0,0.0,1.0,1.0,5.0,8.0,4.0,13.0,13.0,4.0,1.0,1322.1763790786124,0,0.0,0.0,0.0,0.0,0.0,0.0,0.0,0.0,0.0,1.0,1.0,0.0,0.0,0.0,0.0,1.0,1.0,0.0,0.0,1.0,1.0,0.0,1.0,1.0,1.0,1.0,0.0,0.0,1.0,1.0,1.0,0.0,1.0,0.0,1.0,1.0,1.0,1.0,1.0,0.0,0.0,0.0,1.0,1.0,1.0,1.0,1.0,1.0,1.0
CHEMBL177808,1.04,386.55700000000013,0.49379534333921565,-0.49379534333921565,397.6450000000001,128.0,12.80891880609308,8.203190151180452,6.611046138968865,0.058823529411764705,-2.2099999999999986,17.607825767101176,6.59496393734795,0.0,0.0,0.0,1.0,2.0,1.0,3.0,0.0,4.0,2.0,8.0,5.0,3.0,0.0,1076.9016262043842,1,0.0,0.0,0.0,0.0,0.0,0.0,0.0,0.0,0.0,1.0,0.0,0.0,0.0,0.0,0.0,1.0,0.0,0.0,0.0,0.0,1.0,0.0,0.0,1.0,0.0,1.0,1.0,1.0,0.0,0.0,1.0,1.0,0.0,0.0,0.0,0.0,0.0,0.0,1.0,0.0,0.0,1.0,0.0,1.0,1.0,0.0,0.0,0.0,1.0
CHEMBL175412,1.1666666666666667,335.25100000000003,0.32428747819297343,-0.32428747819297343,348.3550000000001,124.0,12.562571943535135,8.438805748841727,7.249719401671696,0.125,-2.5799999999999996,16.2838525248297,5.805963563176693,0.0,1.0,1.0,1.0,2.0,0.0,2.0,1.0,4.0,1.0,8.0,6.0,3.0,0.0,928.3485265339729,0,1.0,1.0,0.0,0.0,1.0,0.0,0.0,0.0,0.0,0.0,0.0,1.0,0.0,0.0,0.0,0.0,0.0,0.0,0.0,0.0,1.0,0.0,1.0,0.0,0.0,0.0,1.0,1.0,0.0,0.0,1.0,1.0,0.0,1.0,0.0,0.0,0.0,1.0,1.0,0.0,0.0,0.0,0.0,1.0,1.0,0.0,1.0,0.0,1.0
CHEMBL369144,1.16,363.7170000000001,0.32428572504774666,-0.32428572504774666,378.8370000000001,130.0,13.485221674345508,9.227453824373914,8.18615518214368,0.17647058823529413,-2.2199999999999998,17.598143976924298,6.25364684773152,0.0,1.0,1.0,1.0,2.0,0.0,2.0,1.0,4.0,1.0,8.0,6.0,3.0,0.0,970.642410016561,1,1.0,1.0,0.0,0.0,0.0,0.0,0.0,0.0,0.0,0.0,0.0,1.0,0.0,0.0,0.0,0.0,0.0,0.0,0.0,0.0,1.0,0.0,1.0,0.0,0.0,0.0,1.0,1.0,0.0,0.0,1.0,1.0,0.0,1.0,0.0,0.0,0.0,1.0,1.0,0.0,0.0,0.0,0.0,1.0,1.0,1.0,1.0,0.0,1.0
CHEMBL177915,1.28,346.2590000000001,0.496742146535387,-0.496742146535387,361.379,130.0,13.462719087300103,8.721993167601902,7.320280413824672,0.1875,-2.7799999999999994,17.056367157374492,6.262603905326708,0.0,1.0,1.0,1.0,1.0,1.0,2.0,1.0,6.0,1.0,9.0,8.0,3.0,0.0,943.497478042912,0,1.0,1.0,0.0,1.0,0.0,0.0,0.0,0.0,0.0,0.0,0.0,1.0,0.0,0.0,0.0,1.0,0.0,0.0,0.0,0.0,1.0,1.0,1.0,0.0,0.0,0.0,0.0,1.0,0.0,0.0,1.0,1.0,0.0,1.0,0.0,0.0,0.0,1.0,1.0,1.0,0.0,0.0,0.0,1.0,1.0,1.0,1.0,0.0,1.0
CHEMBL175187,1.1904761904761905,305.701,0.3253776482981732,-0.3253776482981732,317.7970000000001,106.0,11.005968548293998,7.83790887334697,6.221869051998963,0.125,-1.7799999999999998,14.1696580413797,5.915967055622544,0.0,1.0,1.0,1.0,2.0,0.0,2.0,1.0,3.0,1.0,5.0,3.0,3.0,0.0,716.9280937342393,1,0.0,1.0,0.0,0.0,0.0,0.0,0.0,0.0,0.0,0.0,0.0,0.0,0.0,0.0,0.0,0.0,0.0,0.0,0.0,0.0,0.0,0.0,0.0,0.0,0.0,0.0,1.0,1.0,1.0,0.0,1.0,0.0,0.0,0.0,0.0,0.0,0.0,0.0,0.0,0.0,0.0,0.0,0.0,1.0,0.0,0.0,1.0,1.0,0.0
CHEMBL178020,1.2,363.7170000000001,0.32377266175402114,-0.32377266175402114,378.83700000000016,130.0,13.48522167434551,9.237519931115253,8.09904401176772,0.17647058823529413,-2.379999999999999,17.443269174803895,6.163231384366013,0.0,1.0,1.0,2.0,2.0,0.0,2.0,1.0,4.0,1.0,8.0,6.0,3.0,0.0,987.8924100165609,1,1.0,1.0,0.0,0.0,0.0,0.0,0.0,0.0,0.0,0.0,0.0,1.0,0.0,0.0,0.0,0.0,0.0,0.0,0.0,0.0,1.0,0.0,0.0,1.0,0.0,0.0,1.0,1.0,0.0,0.0,1.0,1.0,0.0,1.0,0.0,0.0,0.0,1.0,1.0,0.0,0.0,0.0,0.0,1.0,1.0,1.0,0.0,0.0,1.0
CHEMBL367739,1.4545454545454546,346.3500000000001,0.3001483898608068,-0.3001483898608068,357.43800000000005,116.0,11.561566301005463,9.2878194163956,8.784141153133053,0.25,-1.62,15.282399930999288,5.230330466826931,0.0,1.0,1.0,1.0,0.0,2.0,2.0,1.0,7.0,1.0,10.0,7.0,3.0,0.0,867.8184597995776,0,1.0,1.0,0.0,0.0,0.0,0.0,0.0,1.0,0.0,0.0,0.0,1.0,0.0,0.0,0.0,1.0,0.0,0.0,0.0,0.0,1.0,1.0,1.0,0.0,1.0,0.0,0.0,1.0,0.0,0.0,1.0,1.0,0.0,1.0,0.0,0.0,0.0,1.0,1.0,0.0,0.0,0.0,0.0,0.0,1.0,1.0,1.0,0.0,1.0
CHEMBL20634,1.3636363636363635,326.29400000000004,0.3001568869913894,-0.3001568869913894,337.38200000000006,114.0,11.385368818110477,8.563074545004008,7.471195273053115,0.15384615384615385,-2.0999999999999996,14.821373616063049,5.269488605215757,0.0,1.0,1.0,1.0,1.0,1.0,2.0,1.0,6.0,1.0,9.0,7.0,3.0,0.0,845.9299736276729,0,1.0,1.0,0.0,0.0,0.0,0.0,0.0,1.0,0.0,0.0,0.0,1.0,0.0,0.0,0.0,1.0,0.0,0.0,0.0,0.0,1.0,1.0,1.0,0.0,1.0,0.0,0.0,1.0,0.0,0.0,1.0,1.0,0.0,1.0,0.0,0.0,0.0,1.0,1.0,0.0,0.0,0.0,0.0,1.0,1.0,0.0,1.0,0.0,1.0
CHEMBL53292,1.3478260869565217,322.237,0.3595414892174884,-0.3595414892174884,335.34100000000007,120.0,12.308018548920852,8.116111705297786,7.062174627349882,0.21428571428571427,-2.52,15.378544851255683,5.284764803900511,0.0,1.0,1.0,1.0,1.0,1.0,2.0,1.0,6.0,1.0,9.0,8.0,3.0,0.0,902.6414898641992,0,1.0,1.0,0.0,1.0,0.0,0.0,0.0,0.0,0.0,0.0,0.0,1.0,1.0,0.0,0.0,1.0,0.0,0.0,1.0,0.0,1.0,1.0,1.0,0.0,1.0,0.0,0.0,1.0,0.0,0.0,1.0,1.0,0.0,1.0,0.0,0.0,0.0,1.0,1.0,0.0,0.0,0.0,0.0,1.0,1.0,1.0,1.0,0.0,1.0
CHEMBL369702,1.2916666666666667,337.247,0.3088837865477017,-0.3088837865477017,349.3430000000001,124.0,12.432435269845469,8.29860296841072,7.098671898433218,0.13333333333333333,-2.65,16.216343556988203,5.7665693840829935,0.0,1.0,1.0,1.0,1.0,1.0,2.0,1.0,5.0,1.0,9.0,7.0,3.0,0.0,930.9902800976816,0,1.0,1.0,0.0,1.0,1.0,0.0,0.0,0.0,0.0,0.0,0.0,1.0,0.0,0.0,0.0,1.0,0.0,0.0,0.0,0.0,1.0,1.0,1.0,0.0,0.0,0.0,1.0,1.0,0.0,0.0,1.0,1.0,0.0,1.0,0.0,0.0,0.0,1.0,1.0,0.0,0.0,0.0,0.0,1.0,1.0,0.0,1.0,0.0,1.0
CHEMBL367929,1.0769230769230769,373.24700000000007,0.3225971986591336,-0.3225971986591336,384.3350000000001,136.0,13.163800351174338,8.648203533638211,7.4770334508137966,0.125,-2.8799999999999994,17.927461763154692,6.129867704960892,0.0,1.0,1.0,2.0,2.0,0.0,2.0,1.0,4.0,1.0,10.0,6.0,3.0,0.0,1039.7855307075029,0,1.0,1.0,0.0,0.0,1.0,0.0,0.0,0.0,0.0,0.0,0.0,1.0,0.0,0.0,0.0,0.0,0.0,0.0,0.0,0.0,1.0,0.0,0.0,1.0,0.0,0.0,1.0,1.0,0.0,0.0,1.0,1.0,0.0,1.0,0.0,0.0,0.0,1.0,1.0,0.0,0.0,0.0,0.0,1.0,1.0,0.0,0.0,0.0,1.0
CHEMBL527,1.173913043478261,318.24899999999997,0.3088837866010742,-0.3088837866010742,331.35300000000007,118.0,12.131821066025868,8.198937129383147,6.954349953692902,0.13333333333333333,-2.58,15.320853943170725,5.561689577529652,0.0,1.0,1.0,1.0,1.0,1.0,2.0,1.0,5.0,1.0,8.0,7.0,3.0,0.0,880.604819303204,0,1.0,1.0,0.0,1.0,0.0,0.0,0.0,0.0,0.0,0.0,0.0,1.0,0.0,0.0,0.0,1.0,0.0,0.0,0.0,0.0,1.0,1.0,1.0,0.0,0.0,0.0,0.0,1.0,0.0,0.0,1.0,1.0,0.0,1.0,0.0,0.0,0.0,1.0,1.0,0.0,0.0,0.0,0.0,1.0,1.0,0.0,1.0,0.0,1.0
CHEMBL425136,1.3043478260869565,340.30100000000004,0.29870385458606663,-0.29870385458606663,352.3970000000001,120.0,12.177881875231183,8.800414774182741,8.047249678668665,0.23076923076923078,-2.1699999999999995,15.715307215590524,5.476836017977725,0.0,1.0,1.0,1.0,1.0,1.0,2.0,1.0,7.0,1.0,10.0,8.0,3.0,0.0,906.2032704137719,0,1.0,1.0,0.0,0.0,0.0,0.0,0.0,1.0,1.0,0.0,0.0,1.0,0.0,0.0,0.0,1.0,0.0,0.0,0.0,0.0,1.0,1.0,1.0,1.0,1.0,0.0,0.0,1.0,0.0,0.0,1.0,1.0,0.0,1.0,0.0,0.0,0.0,1.0,1.0,0.0,0.0,0.0,0.0,1.0,1.0,1.0,1.0,0.0,1.0
CHEMBL368506,1.1071428571428572,398.3600000000002,0.30013912845839386,-0.30013912845839386,413.4800000000002,142.0,14.694769894868982,10.584365603297696,9.165710635740485,0.10526315789473684,-2.8799999999999994,18.481772043811425,6.93418554940951,0.0,1.0,1.0,1.0,2.0,1.0,3.0,1.0,6.0,1.0,9.0,7.0,4.0,0.0,1172.6541251608394,0,1.0,1.0,0.0,0.0,0.0,0.0,0.0,1.0,0.0,0.0,0.0,1.0,0.0,1.0,0.0,1.0,0.0,0.0,0.0,0.0,1.0,1.0,1.0,0.0,1.0,0.0,0.0,1.0,0.0,0.0,1.0,1.0,0.0,1.0,0.0,0.0,0.0,1.0,1.0,0.0,0.0,0.0,0.0,1.0,1.0,0.0,1.0,0.0,1.0
CHEMBL177580,1.3043478260869565,358.3610000000001,0.3001483898553919,-0.3001483898553919,371.4650000000001,122.0,12.484216031815837,9.648426872166326,9.560797551438432,0.3076923076923077,-1.62,16.24527421754316,5.47814005137467,0.0,1.0,1.0,1.0,0.0,2.0,2.0,1.0,7.0,1.0,10.0,7.0,3.0,0.0,912.794835580512,0,1.0,1.0,0.0,0.0,0.0,0.0,0.0,1.0,0.0,0.0,0.0,1.0,0.0,0.0,0.0,1.0,0.0,0.0,0.0,0.0,1.0,1.0,1.0,0.0,1.0,0.0,0.0,1.0,0.0,0.0,1.0,1.0,0.0,1.0,0.0,0.0,0.0,1.0,1.0,0.0,0.0,0.0,1.0,0.0,1.0,1.0,1.0,0.0,1.0
CHEMBL174341,1.173913043478261,329.723,0.32535875695320854,-0.32535875695320854,345.851,118.0,12.798861767107452,8.464682749389278,8.131117943260081,0.2222222222222222,-1.7799999999999994,16.091008019015952,6.021562725220975,0.0,1.0,1.0,1.0,2.0,0.0,2.0,1.0,3.0,1.0,5.0,3.0,3.0,0.0,788.0959825841663,1,0.0,1.0,0.0,0.0,0.0,0.0,0.0,0.0,0.0,0.0,0.0,0.0,0.0,0.0,0.0,0.0,1.0,0.0,0.0,0.0,0.0,0.0,0.0,0.0,0.0,0.0,1.0,1.0,0.0,0.0,1.0,0.0,0.0,0.0,0.0,0.0,0.0,0.0,0.0,0.0,0.0,0.0,0.0,1.0,0.0,1.0,1.0,0.0,1.0
CHEMBL177083,1.1923076923076923,379.7160000000001,0.496742146535387,-0.496742146535387,394.836,136.0,13.893469964809372,9.339826260069708,8.048631318581503,0.17647058823529413,-2.419999999999999,18.373445084210505,6.712359966612546,0.0,1.0,1.0,1.0,2.0,0.0,2.0,1.0,5.0,1.0,9.0,7.0,3.0,0.0,988.7128692326368,1,1.0,1.0,0.0,0.0,0.0,0.0,0.0,0.0,0.0,0.0,0.0,1.0,0.0,0.0,0.0,0.0,0.0,0.0,0.0,0.0,1.0,0.0,1.0,0.0,0.0,0.0,1.0,1.0,0.0,0.0,1.0,1.0,0.0,1.0,0.0,0.0,0.0,1.0,1.0,1.0,0.0,0.0,0.0,1.0,1.0,1.0,1.0,0.0,1.0
CHEMBL368377,1.3846153846153846,417.8360000000001,0.3001563956291036,-0.3001563956291036,427.91600000000017,134.0,13.094231312393942,10.7654497284324,9.832884087504898,0.13333333333333333,-1.8499999999999996,17.55817842353204,6.1000986211832116,0.0,1.0,1.0,1.0,1.0,2.0,3.0,1.0,7.0,1.0,11.0,7.0,4.0,0.0,1154.483581175356,1,1.0,1.0,0.0,0.0,0.0,0.0,0.0,1.0,0.0,0.0,0.0,1.0,0.0,0.0,0.0,1.0,0.0,0.0,0.0,0.0,1.0,1.0,1.0,0.0,1.0,0.0,1.0,1.0,0.0,0.0,1.0,1.0,0.0,1.0,0.0,0.0,0.0,1.0,1.0,0.0,0.0,0.0,0.0,1.0,1.0,0.0,1.0,0.0,1.0
CHEMBL172305,1.434782608695652,358.361,0.30968497118215677,-0.30968497118215677,369.44900000000007,120.0,11.755232144420809,9.08055144787241,8.522665359116527,0.15384615384615385,-1.9100000000000001,15.965722899509535,5.621057519834537,0.0,1.0,1.0,2.0,0.0,2.0,2.0,1.0,7.0,2.0,10.0,7.0,3.0,0.0,892.4434954094447,0,1.0,1.0,0.0,1.0,0.0,0.0,0.0,0.0,0.0,0.0,0.0,1.0,0.0,0.0,1.0,1.0,0.0,1.0,0.0,0.0,1.0,1.0,0.0,1.0,1.0,0.0,0.0,1.0,0.0,0.0,1.0,0.0,0.0,1.0,0.0,0.0,0.0,1.0,1.0,0.0,0.0,0.0,0.0,1.0,1.0,0.0,0.0,0.0,1.0
CHEMBL367212,1.2592592592592593,388.34500000000014,0.33999739224701897,-0.33999739224701897,404.47300000000007,140.0,14.75523214442081,10.318109191774651,9.47636848022947,0.23529411764705882,-2.56,17.833976999379512,5.9766140574453495,0.0,1.0,1.0,1.0,1.0,2.0,3.0,1.0,7.0,1.0,10.0,8.0,4.0,0.0,1208.9742205479195,0,1.0,1.0,0.0,0.0,0.0,0.0,0.0,1.0,0.0,0.0,0.0,1.0,0.0,0.0,0.0,1.0,0.0,0.0,0.0,0.0,1.0,1.0,1.0,1.0,1.0,1.0,0.0,1.0,0.0,0.0,1.0,1.0,0.0,1.0,0.0,0.0,0.0,1.0,1.0,0.0,0.0,0.0,1.0,1.0,1.0,1.0,1.0,0.0,1.0
CHEMBL368523,1.3478260869565217,338.30500000000006,0.3009773875547375,-0.3009773875547375,351.40900000000005,120.0,12.308018548920852,8.927765043372368,8.21938024723197,0.21428571428571427,-2.26,15.628673846603688,5.427217480973857,0.0,1.0,1.0,2.0,1.0,1.0,2.0,1.0,6.0,1.0,9.0,7.0,3.0,0.0,904.2511303386361,0,1.0,1.0,0.0,0.0,0.0,0.0,0.0,1.0,0.0,0.0,0.0,1.0,0.0,0.0,0.0,1.0,0.0,0.0,0.0,0.0,1.0,1.0,0.0,1.0,1.0,0.0,0.0,1.0,0.0,0.0,1.0,1.0,0.0,1.0,0.0,0.0,0.0,1.0,1.0,0.0,0.0,0.0,0.0,1.0,1.0,1.0,0.0,0.0,1.0
CHEMBL174722,0.9629629629629629,364.2970000000001,0.3242874782244192,-0.3242874782244192,380.4250000000001,136.0,14.416658278094786,9.749823512337112,8.241042986078224,0.1,-3.0299999999999994,17.387139218255523,6.29423814530149,0.0,1.0,1.0,1.0,3.0,0.0,3.0,1.0,4.0,1.0,7.0,6.0,4.0,0.0,1173.0657996047732,0,1.0,1.0,0.0,0.0,0.0,0.0,0.0,0.0,0.0,0.0,0.0,1.0,0.0,0.0,0.0,0.0,0.0,0.0,0.0,0.0,1.0,0.0,1.0,0.0,0.0,0.0,0.0,1.0,0.0,0.0,1.0,1.0,0.0,1.0,0.0,0.0,0.0,1.0,1.0,0.0,0.0,0.0,0.0,1.0,1.0,0.0,1.0,0.0,1.0
CHEMBL599,1.3478260869565217,338.30500000000006,0.3001488811894397,-0.3001488811894397,351.40900000000005,120.0,12.308018548920852,8.923682000774736,8.250209017101351,0.21428571428571427,-2.0999999999999996,15.782706279437843,5.5155368130290725,0.0,1.0,1.0,1.0,1.0,1.0,2.0,1.0,6.0,1.0,9.0,7.0,3.0,0.0,904.2511303386361,0,1.0,1.0,0.0,0.0,0.0,0.0,0.0,1.0,0.0,0.0,0.0,1.0,0.0,0.0,0.0,1.0,0.0,0.0,0.0,0.0,1.0,1.0,1.0,0.0,1.0,0.0,0.0,1.0,0.0,0.0,1.0,1.0,0.0,1.0,0.0,0.0,0.0,1.0,1.0,0.0,0.0,0.0,0.0,1.0,1.0,1.0,1.0,0.0,1.0
CHEMBL441497,1.24,450.7130000000001,0.3237438563123832,-0.3237438563123832,457.7690000000002,132.0,11.864561698758905,10.248944626034564,9.896135928471871,0.07692307692307693,-0.9699999999999998,18.81019555142571,6.639263393049402,0.0,1.0,1.0,2.0,1.0,1.0,2.0,1.0,6.0,2.0,12.0,6.0,3.0,0.0,1005.9433169373425,1,1.0,1.0,0.0,0.0,0.0,0.0,0.0,0.0,0.0,0.0,0.0,1.0,0.0,0.0,1.0,0.0,0.0,1.0,0.0,0.0,1.0,0.0,0.0,1.0,1.0,0.0,1.0,1.0,0.0,0.0,1.0,0.0,0.0,1.0,0.0,0.0,0.0,1.0,1.0,0.0,0.0,0.0,0.0,1.0,1.0,0.0,0.0,0.0,0.0
CHEMBL175299,1.0357142857142858,399.75000000000017,0.32510676666732663,-0.32510676666732663,414.8700000000002,142.0,14.717272481914387,10.225553802827836,8.851230825698122,0.1,-2.8999999999999986,18.462698040804955,6.6124716553287985,0.0,1.0,1.0,2.0,3.0,0.0,3.0,1.0,4.0,1.0,8.0,6.0,4.0,0.0,1222.6892010467202,1,1.0,1.0,0.0,0.0,0.0,0.0,0.0,0.0,0.0,0.0,0.0,1.0,0.0,0.0,0.0,0.0,0.0,0.0,0.0,0.0,1.0,0.0,0.0,1.0,0.0,0.0,1.0,1.0,0.0,0.0,1.0,1.0,0.0,1.0,0.0,0.0,0.0,1.0,1.0,0.0,0.0,0.0,0.0,1.0,1.0,0.0,0.0,0.0,1.0
CHEMBL179715,1.2,431.61000000000024,0.32510719838898533,-0.32510719838898533,443.7060000000002,130.0,12.863186147354735,9.713517373033511,8.711869562112355,0.125,-1.8999999999999986,17.908082411390296,6.435816746358279,0.0,1.0,1.0,2.0,2.0,0.0,2.0,1.0,4.0,1.0,9.0,6.0,3.0,0.0,976.1292783178168,1,1.0,1.0,0.0,0.0,0.0,0.0,1.0,0.0,0.0,0.0,0.0,1.0,0.0,0.0,0.0,0.0,0.0,0.0,0.0,0.0,1.0,0.0,0.0,1.0,0.0,0.0,1.0,1.0,0.0,0.0,1.0,1.0,0.0,1.0,0.0,0.0,0.0,1.0,1.0,0.0,0.0,0.0,0.0,1.0,1.0,0.0,0.0,0.0,1.0
CHEMBL368769,1.125,328.264,0.32428747824110477,-0.32428747824110477,344.39200000000005,124.0,13.184607470525908,8.749823512337114,7.608851780625329,0.17647058823529413,-2.51,16.351375754580495,5.845449459606356,0.0,1.0,1.0,1.0,2.0,0.0,2.0,1.0,4.0,1.0,7.0,6.0,3.0,0.0,922.8616582327171,0,1.0,1.0,0.0,0.0,0.0,0.0,0.0,0.0,0.0,0.0,0.0,1.0,0.0,0.0,0.0,0.0,0.0,0.0,0.0,0.0,1.0,0.0,1.0,0.0,0.0,0.0,0.0,1.0,0.0,0.0,1.0,1.0,0.0,1.0,0.0,0.0,0.0,1.0,1.0,0.0,0.0,0.0,0.0,1.0,1.0,1.0,1.0,0.0,1.0
CHEMBL366601,1.0,366.29300000000006,0.3399973922809438,-0.3399973922809438,383.4290000000001,138.0,14.709171335215492,9.733567100814069,8.331556920059498,0.15789473684210525,-2.9699999999999998,17.444139672161036,6.036430990944009,0.0,1.0,1.0,1.0,2.0,1.0,3.0,1.0,5.0,1.0,8.0,7.0,4.0,0.0,1182.3900737096046,0,1.0,1.0,0.0,0.0,0.0,0.0,0.0,0.0,0.0,0.0,0.0,1.0,0.0,0.0,0.0,1.0,0.0,0.0,0.0,0.0,1.0,0.0,1.0,1.0,1.0,1.0,0.0,1.0,0.0,0.0,1.0,1.0,0.0,1.0,0.0,0.0,0.0,1.0,1.0,0.0,0.0,0.0,0.0,1.0,1.0,1.0,1.0,0.0,1.0
CHEMBL175720,1.1363636363636365,282.194,0.5048935869022501,-0.5048935869022501,295.298,110.0,11.776939520944609,6.624113370495338,4.7760689820439906,0.0625,-3.15,13.815788520262926,5.325099096637938,0.0,0.0,0.0,1.0,1.0,2.0,3.0,0.0,5.0,2.0,6.0,6.0,3.0,0.0,917.0625035641189,0,0.0,0.0,0.0,1.0,0.0,0.0,0.0,0.0,0.0,1.0,0.0,0.0,0.0,0.0,0.0,1.0,0.0,0.0,0.0,0.0,1.0,1.0,1.0,0.0,0.0,1.0,0.0,1.0,0.0,0.0,1.0,1.0,0.0,0.0,0.0,0.0,0.0,1.0,1.0,0.0,0.0,1.0,0.0,1.0,1.0,0.0,1.0,0.0,1.0
CHEMBL175703,1.1379310344827587,410.3710000000002,0.3001484740803188,-0.3001484740803188,427.5070000000002,148.0,15.40187667605553,11.05693316440785,9.657872532966724,0.15,-2.8799999999999986,19.437020891196717,7.507636455097734,0.0,1.0,1.0,1.0,2.0,1.0,3.0,1.0,6.0,1.0,9.0,7.0,4.0,0.0,1189.2000856805055,0,1.0,1.0,0.0,0.0,0.0,0.0,0.0,1.0,0.0,0.0,0.0,1.0,0.0,0.0,0.0,1.0,0.0,0.0,0.0,0.0,1.0,1.0,1.0,0.0,1.0,0.0,0.0,1.0,0.0,1.0,1.0,0.0,1.0,1.0,0.0,0.0,0.0,1.0,1.0,0.0,0.0,0.0,0.0,1.0,1.0,0.0,1.0,1.0,1.0
CHEMBL175847,1.434782608695652,361.7470000000001,0.3009853871165315,-0.3009853871165315,371.82700000000006,120.0,11.68598302193008,9.044787899638441,8.021124228396033,0.15384615384615385,-1.9699999999999993,15.907916229637987,5.587660379387486,0.0,1.0,1.0,2.0,1.0,1.0,2.0,1.0,6.0,1.0,10.0,7.0,3.0,0.0,895.9483829116086,1,1.0,1.0,0.0,0.0,0.0,0.0,0.0,1.0,0.0,0.0,0.0,1.0,0.0,0.0,0.0,1.0,0.0,0.0,0.0,0.0,1.0,1.0,0.0,1.0,1.0,0.0,1.0,1.0,0.0,0.0,1.0,1.0,0.0,1.0,0.0,0.0,0.0,1.0,1.0,0.0,0.0,0.0,0.0,1.0,1.0,0.0,0.0,0.0,1.0
CHEMBL175524,1.3333333333333333,290.239,0.5048935846872097,-0.5048935846872097,301.327,106.0,11.03048727302922,6.988250786116201,5.292914301404204,0.07142857142857142,-2.67,13.319405260810981,5.02372793327687,0.0,0.0,0.0,1.0,1.0,2.0,3.0,0.0,6.0,2.0,7.0,6.0,3.0,0.0,884.3607784288706,0,0.0,1.0,0.0,0.0,0.0,0.0,0.0,1.0,0.0,1.0,0.0,0.0,0.0,0.0,0.0,1.0,0.0,0.0,0.0,0.0,1.0,1.0,1.0,0.0,1.0,1.0,0.0,1.0,0.0,0.0,1.0,1.0,0.0,1.0,0.0,0.0,0.0,1.0,1.0,0.0,0.0,1.0,0.0,1.0,1.0,0.0,1.0,0.0,1.0
CHEMBL367612,1.3214285714285714,404.34400000000016,0.49674240023725025,-0.49674240023725025,420.4720000000001,146.0,15.163480434884672,10.480557774222682,9.063285196313005,0.23529411764705882,-2.7599999999999993,18.596242325995714,6.3967543100516675,0.0,1.0,1.0,1.0,1.0,2.0,3.0,1.0,8.0,1.0,11.0,9.0,4.0,0.0,1214.1325641417943,0,1.0,1.0,0.0,0.0,0.0,0.0,0.0,1.0,0.0,0.0,0.0,1.0,0.0,0.0,0.0,1.0,0.0,0.0,0.0,0.0,1.0,1.0,1.0,1.0,1.0,1.0,0.0,1.0,0.0,0.0,1.0,1.0,0.0,1.0,0.0,0.0,0.0,1.0,1.0,1.0,0.0,0.0,1.0,1.0,1.0,1.0,1.0,0.0,1.0
CHEMBL177501,1.1923076923076923,406.15700000000015,0.3237712277288733,-0.3237712277288733,417.2450000000001,136.0,13.163800351174338,9.404132479656665,8.320669358026388,0.125,-2.159999999999999,18.625735509781553,6.531755216842007,0.0,1.0,1.0,2.0,2.0,0.0,2.0,1.0,4.0,1.0,10.0,6.0,3.0,0.0,1042.5404182096663,1,1.0,1.0,0.0,0.0,1.0,0.0,0.0,0.0,0.0,0.0,0.0,1.0,0.0,0.0,0.0,0.0,0.0,0.0,0.0,0.0,1.0,0.0,0.0,1.0,0.0,0.0,1.0,1.0,0.0,0.0,1.0,1.0,0.0,1.0,0.0,0.0,0.0,1.0,1.0,0.0,0.0,0.0,0.0,1.0,1.0,0.0,0.0,0.0,1.0
CHEMBL368916,1.0869565217391304,357.1530000000001,0.3692969008377915,-0.3692969008377915,368.2410000000001,118.0,11.624039835616635,8.59112215143206,7.040648563952261,0.0625,-1.6599999999999995,16.2067005901362,6.4515386950665325,0.0,1.0,1.0,0.0,2.0,0.0,2.0,2.0,4.0,2.0,7.0,4.0,3.0,0.0,850.9690343723729,1,0.0,1.0,0.0,0.0,0.0,1.0,0.0,0.0,0.0,0.0,0.0,0.0,0.0,0.0,0.0,0.0,0.0,0.0,0.0,0.0,0.0,0.0,0.0,0.0,0.0,0.0,1.0,1.0,0.0,0.0,1.0,0.0,0.0,0.0,0.0,0.0,0.0,0.0,0.0,0.0,0.0,1.0,0.0,1.0,1.0,0.0,1.0,0.0,0.0
CHEMBL174718,1.2173913043478262,294.20500000000004,0.49379534302755573,-0.49379534302755573,309.3250000000001,116.0,12.699589251754983,7.034796973018297,5.280916507987961,0.11764705882352941,-3.149999999999999,14.77339594384429,5.565664810992264,0.0,0.0,0.0,1.0,1.0,2.0,3.0,0.0,5.0,2.0,6.0,6.0,3.0,0.0,962.2198027295506,0,0.0,0.0,0.0,1.0,0.0,0.0,0.0,0.0,0.0,1.0,0.0,0.0,0.0,0.0,0.0,1.0,0.0,0.0,0.0,0.0,1.0,1.0,0.0,1.0,0.0,1.0,0.0,1.0,0.0,0.0,1.0,1.0,0.0,0.0,0.0,0.0,0.0,1.0,1.0,0.0,0.0,1.0,0.0,1.0,1.0,1.0,0.0,0.0,1.0
CHEMBL177606,1.1923076923076923,389.70200000000006,0.32259720487243226,-0.32259720487243226,400.79000000000013,136.0,13.163800351174338,9.02616800664744,7.913469231285782,0.125,-2.5199999999999996,18.276450689924566,6.329710587573621,0.0,1.0,1.0,2.0,2.0,0.0,2.0,1.0,4.0,1.0,10.0,6.0,3.0,0.0,1042.5404182096663,1,1.0,1.0,0.0,0.0,1.0,0.0,0.0,0.0,0.0,0.0,0.0,1.0,0.0,0.0,0.0,0.0,0.0,0.0,0.0,0.0,1.0,0.0,0.0,1.0,0.0,0.0,1.0,1.0,0.0,0.0,1.0,1.0,0.0,1.0,0.0,0.0,0.0,1.0,1.0,0.0,0.0,0.0,0.0,1.0,1.0,0.0,0.0,0.0,1.0
CHEMBL175284,0.9375,494.6780000000003,0.323771231053029,-0.323771231053029,509.7980000000001,164.0,16.257658478309015,11.915348116299006,10.174900443534288,0.09090909090909091,-2.5799999999999983,22.60813795339622,8.748900801707743,0.0,1.0,1.0,2.0,3.0,0.0,3.0,1.0,4.0,1.0,10.0,6.0,4.0,0.0,1330.2575260325054,1,1.0,1.0,0.0,0.0,0.0,0.0,0.0,0.0,0.0,0.0,0.0,1.0,0.0,0.0,0.0,0.0,0.0,0.0,0.0,0.0,1.0,0.0,0.0,1.0,0.0,0.0,1.0,1.0,0.0,0.0,1.0,0.0,1.0,1.0,0.0,0.0,0.0,1.0,1.0,0.0,0.0,0.0,0.0,1.0,1.0,0.0,0.0,1.0,0.0
CHEMBL175063,1.2,272.24399999999997,0.31003780642796275,-0.31003780642796275,284.34000000000003,100.0,10.57521767078473,7.2200757808791645,5.4900638235481845,0.13333333333333333,-2.1399999999999997,12.871765135404022,5.463887038515312,0.0,1.0,1.0,1.0,1.0,1.0,2.0,1.0,4.0,1.0,5.0,4.0,3.0,0.0,657.9329063562,0,0.0,1.0,0.0,1.0,0.0,0.0,0.0,0.0,0.0,0.0,0.0,0.0,0.0,0.0,0.0,1.0,0.0,0.0,0.0,0.0,0.0,1.0,0.0,0.0,0.0,0.0,0.0,1.0,1.0,0.0,1.0,0.0,0.0,0.0,0.0,0.0,0.0,1.0,1.0,0.0,0.0,0.0,0.0,1.0,0.0,0.0,1.0,1.0,0.0
CHEMBL299339,1.3636363636363635,326.29400000000004,0.30015743856416754,-0.30015743856416754,337.38200000000006,114.0,11.360804953420892,8.571594528313058,7.597200782868467,0.15384615384615385,-2.0999999999999996,14.821373616063049,5.269488605215757,0.0,1.0,1.0,1.0,1.0,1.0,2.0,1.0,6.0,2.0,9.0,7.0,3.0,0.0,872.9152923311693,0,1.0,1.0,0.0,0.0,0.0,0.0,0.0,1.0,0.0,0.0,1.0,1.0,0.0,0.0,0.0,1.0,0.0,1.0,0.0,0.0,0.0,1.0,1.0,0.0,1.0,0.0,0.0,1.0,0.0,0.0,1.0,0.0,0.0,1.0,0.0,0.0,0.0,1.0,1.0,0.0,0.0,0.0,0.0,1.0,1.0,0.0,1.0,0.0,1.0
CHEMBL175974,1.0740740740740742,366.29300000000006,0.30888378365581504,-0.30888378365581504,381.41300000000007,136.0,14.28652160440512,9.609620731906105,8.118025088287716,0.10526315789473684,-3.0999999999999996,17.3206547725985,6.255984529593701,0.0,1.0,1.0,1.0,2.0,1.0,3.0,1.0,5.0,1.0,8.0,7.0,4.0,0.0,1176.038851244929,0,1.0,1.0,0.0,1.0,0.0,0.0,0.0,0.0,0.0,0.0,0.0,1.0,0.0,0.0,0.0,1.0,0.0,0.0,0.0,0.0,1.0,1.0,1.0,0.0,0.0,0.0,0.0,1.0,0.0,0.0,1.0,1.0,0.0,1.0,0.0,0.0,0.0,1.0,1.0,0.0,0.0,0.0,0.0,1.0,1.0,0.0,1.0,0.0,1.0
CHEMBL174451,1.0357142857142858,399.75000000000017,0.324285725031061,-0.324285725031061,414.8700000000001,142.0,14.717272481914387,10.227453824373914,8.818346387596575,0.1,-2.7399999999999993,18.615325060140673,6.700194316581007,0.0,1.0,1.0,1.0,3.0,0.0,3.0,1.0,4.0,1.0,8.0,6.0,4.0,0.0,1222.6892010467202,1,1.0,1.0,0.0,0.0,0.0,0.0,0.0,0.0,0.0,0.0,0.0,1.0,0.0,0.0,0.0,0.0,0.0,0.0,0.0,0.0,1.0,0.0,1.0,0.0,0.0,0.0,1.0,1.0,0.0,0.0,1.0,1.0,0.0,1.0,0.0,0.0,0.0,1.0,1.0,0.0,0.0,0.0,0.0,1.0,1.0,0.0,1.0,0.0,1.0
CHEMBL175208,1.16,344.26300000000015,0.496742146535387,-0.496742146535387,360.391,130.0,13.59285576098977,8.862195948032907,7.47132791706315,0.17647058823529413,-2.709999999999999,17.124045051551334,6.303111486359907,0.0,1.0,1.0,1.0,2.0,0.0,2.0,1.0,5.0,1.0,8.0,7.0,3.0,0.0,940.7654972438197,0,1.0,1.0,0.0,0.0,0.0,0.0,0.0,0.0,0.0,0.0,0.0,1.0,0.0,0.0,0.0,0.0,0.0,0.0,0.0,0.0,1.0,0.0,1.0,0.0,0.0,0.0,0.0,1.0,0.0,0.0,1.0,1.0,0.0,1.0,0.0,0.0,0.0,1.0,1.0,1.0,0.0,0.0,0.0,1.0,1.0,1.0,1.0,0.0,1.0
CHEMBL367864,1.3478260869565217,338.30500000000006,0.30014864550544507,-0.30014864550544507,351.4090000000001,120.0,12.308018548920852,8.983824254268308,7.891514505902322,0.21428571428571427,-2.0999999999999996,15.782706279437843,5.5155368130290725,0.0,1.0,1.0,1.0,1.0,1.0,2.0,1.0,6.0,1.0,9.0,7.0,3.0,0.0,904.2511303386361,0,1.0,1.0,0.0,0.0,0.0,0.0,0.0,1.0,0.0,0.0,0.0,1.0,0.0,0.0,0.0,1.0,0.0,0.0,0.0,0.0,1.0,1.0,1.0,0.0,1.0,0.0,0.0,1.0,0.0,0.0,1.0,1.0,0.0,1.0,0.0,0.0,0.0,1.0,1.0,0.0,0.0,0.0,0.0,1.0,1.0,1.0,1.0,0.0,1.0
CHEMBL368508,1.125,328.264,0.3242874782462764,-0.3242874782462764,344.39200000000005,124.0,13.184607470525908,8.749823512337114,7.608851780625329,0.17647058823529413,-2.51,16.351375754580495,5.845449459606356,0.0,1.0,1.0,1.0,2.0,0.0,2.0,1.0,4.0,1.0,7.0,6.0,3.0,0.0,922.8616582327171,0,1.0,1.0,0.0,0.0,0.0,0.0,0.0,0.0,0.0,0.0,0.0,1.0,0.0,0.0,0.0,0.0,0.0,0.0,0.0,0.0,1.0,0.0,1.0,0.0,0.0,0.0,0.0,1.0,0.0,0.0,1.0,1.0,0.0,1.0,0.0,0.0,0.0,1.0,1.0,0.0,0.0,0.0,0.0,1.0,1.0,1.0,1.0,0.0,1.0
CHEMBL368958,1.2916666666666667,353.7020000000001,0.30971235323665613,-0.30971235323665613,365.7980000000001,124.0,12.432435269845469,8.68065048401758,7.504278909035819,0.13333333333333333,-2.4499999999999993,16.409264067507806,5.879367225527314,0.0,1.0,1.0,2.0,1.0,1.0,2.0,1.0,5.0,1.0,9.0,7.0,3.0,0.0,930.9902800976816,1,1.0,1.0,0.0,1.0,0.0,0.0,0.0,0.0,0.0,0.0,0.0,1.0,0.0,0.0,0.0,1.0,0.0,0.0,0.0,0.0,1.0,1.0,0.0,1.0,0.0,0.0,1.0,1.0,0.0,0.0,1.0,1.0,0.0,1.0,0.0,0.0,0.0,1.0,1.0,0.0,0.0,0.0,0.0,1.0,1.0,0.0,0.0,0.0,1.0
CHEMBL174739,1.3181818181818181,316.32200000000006,0.3012838562542883,-0.3012838562542883,332.45000000000005,114.0,12.544308372493166,8.57159452831306,8.69517177821775,0.3125,-1.6599999999999995,15.243951225024826,5.516384769930622,0.0,1.0,1.0,1.0,1.0,1.0,2.0,1.0,5.0,1.0,6.0,4.0,3.0,0.0,752.109010189976,0,0.0,1.0,0.0,0.0,0.0,0.0,0.0,1.0,0.0,0.0,0.0,0.0,0.0,0.0,0.0,1.0,1.0,0.0,0.0,0.0,0.0,1.0,0.0,0.0,1.0,0.0,0.0,1.0,0.0,0.0,1.0,0.0,0.0,1.0,0.0,0.0,0.0,1.0,1.0,0.0,0.0,0.0,1.0,1.0,0.0,1.0,1.0,0.0,1.0
CHEMBL368037,1.28,346.25900000000007,0.4967212733489285,-0.4967212733489285,361.379,130.0,13.462719087300103,8.7219931676019,7.320280413824672,0.1875,-2.7799999999999994,17.056367157374492,6.262603905326708,0.0,1.0,1.0,1.0,1.0,1.0,2.0,1.0,6.0,1.0,9.0,8.0,3.0,0.0,943.497478042912,0,1.0,1.0,0.0,1.0,0.0,0.0,0.0,0.0,0.0,0.0,0.0,1.0,0.0,0.0,0.0,1.0,0.0,0.0,0.0,0.0,1.0,1.0,1.0,0.0,0.0,0.0,0.0,1.0,0.0,0.0,1.0,1.0,0.0,1.0,0.0,0.0,0.0,1.0,1.0,1.0,0.0,0.0,0.0,1.0,1.0,1.0,1.0,0.0,1.0
CHEMBL176095,1.3043478260869565,359.75100000000003,0.32510643516930365,-0.32510643516930365,370.83900000000006,120.0,11.791555830930161,9.189427620780865,8.569178611331457,0.14285714285714285,-1.8999999999999988,15.975358407825945,5.626630397249869,0.0,1.0,1.0,2.0,1.0,1.0,2.0,1.0,5.0,2.0,9.0,6.0,3.0,0.0,903.3585276428153,1,1.0,1.0,0.0,0.0,0.0,0.0,0.0,0.0,0.0,1.0,0.0,1.0,0.0,0.0,0.0,0.0,0.0,1.0,0.0,0.0,0.0,0.0,0.0,1.0,1.0,0.0,1.0,1.0,0.0,0.0,1.0,0.0,0.0,1.0,0.0,0.0,0.0,1.0,1.0,0.0,0.0,0.0,0.0,1.0,1.0,0.0,0.0,0.0,1.0
CHEMBL369021,1.2,431.6100000000002,0.325107192191188,-0.325107192191188,443.7060000000002,130.0,12.863186147354735,9.713517373033511,8.711869562112355,0.125,-1.8999999999999986,17.908082411390296,6.435816746358279,0.0,1.0,1.0,2.0,2.0,0.0,2.0,1.0,4.0,1.0,9.0,6.0,3.0,0.0,976.1292783178168,1,1.0,1.0,0.0,0.0,0.0,0.0,1.0,0.0,0.0,0.0,0.0,1.0,0.0,0.0,0.0,0.0,0.0,0.0,0.0,0.0,1.0,0.0,0.0,1.0,0.0,0.0,1.0,1.0,0.0,0.0,1.0,1.0,0.0,1.0,0.0,0.0,0.0,1.0,1.0,0.0,0.0,0.0,0.0,1.0,1.0,0.0,0.0,0.0,1.0
CHEMBL176189,1.375,350.3160000000001,0.3001486880925627,-0.3001486880925627,365.4360000000001,126.0,13.015125330107399,9.499802952478163,8.330387856321659,0.26666666666666666,-2.0999999999999996,16.747149034505696,6.078545986001865,0.0,1.0,1.0,1.0,1.0,1.0,2.0,1.0,6.0,1.0,9.0,7.0,3.0,0.0,920.3053126454901,0,1.0,1.0,0.0,0.0,0.0,0.0,0.0,1.0,0.0,0.0,0.0,1.0,0.0,0.0,0.0,1.0,0.0,0.0,0.0,0.0,1.0,1.0,1.0,0.0,1.0,0.0,0.0,1.0,0.0,1.0,1.0,0.0,1.0,1.0,0.0,1.0,0.0,1.0,1.0,0.0,0.0,0.0,0.0,1.0,1.0,1.0,1.0,1.0,1.0
CHEMBL179105,1.4166666666666667,373.7580000000001,0.30097738130044277,-0.30097738130044277,385.8540000000001,126.0,12.608632752740453,9.40539535540917,8.800137972444269,0.21428571428571427,-1.9699999999999993,16.872735594240034,5.8337594909813175,0.0,1.0,1.0,2.0,1.0,1.0,2.0,1.0,6.0,1.0,10.0,7.0,3.0,0.0,954.6792029778368,1,1.0,1.0,0.0,0.0,0.0,0.0,0.0,1.0,0.0,0.0,0.0,1.0,0.0,0.0,0.0,1.0,0.0,0.0,0.0,0.0,1.0,1.0,0.0,1.0,1.0,0.0,1.0,1.0,0.0,0.0,1.0,1.0,0.0,1.0,0.0,0.0,0.0,1.0,1.0,0.0,0.0,0.0,0.0,1.0,1.0,1.0,0.0,0.0,1.0
CHEMBL177313,1.0833333333333333,373.15200000000016,0.32537478571779,-0.32537478571779,384.2400000000001,124.0,12.123079333041325,9.315539185383772,8.213857703629742,0.125,-1.8899999999999997,16.950042381446433,6.199126030450812,0.0,1.0,1.0,1.0,2.0,0.0,2.0,1.0,4.0,1.0,8.0,5.0,3.0,0.0,956.2998137902886,1,0.0,1.0,0.0,0.0,0.0,0.0,0.0,0.0,0.0,0.0,0.0,1.0,0.0,0.0,0.0,0.0,0.0,0.0,0.0,0.0,0.0,0.0,0.0,0.0,0.0,0.0,1.0,1.0,1.0,0.0,1.0,0.0,0.0,0.0,0.0,0.0,0.0,0.0,0.0,0.0,1.0,0.0,0.0,1.0,1.0,0.0,1.0,1.0,0.0
CHEMBL367411,1.2222222222222223,386.34900000000016,0.30014888116753347,-0.30014888116753347,401.4690000000001,138.0,14.462719087300105,10.334365603297694,9.385854546248193,0.16666666666666666,-2.6199999999999997,17.776891729152403,6.22279617163004,0.0,1.0,1.0,1.0,2.0,1.0,3.0,1.0,6.0,1.0,9.0,7.0,4.0,0.0,1200.292046439071,0,1.0,1.0,0.0,0.0,0.0,0.0,0.0,1.0,0.0,0.0,0.0,1.0,0.0,0.0,0.0,1.0,0.0,0.0,0.0,0.0,1.0,1.0,1.0,0.0,1.0,0.0,0.0,1.0,0.0,0.0,1.0,1.0,0.0,1.0,0.0,0.0,0.0,1.0,1.0,0.0,0.0,0.0,0.0,1.0,1.0,1.0,1.0,0.0,1.0
CHEMBL366813,1.1666666666666667,351.7060000000001,0.3242874782195809,-0.3242874782195809,364.8100000000001,124.0,12.562571943535135,8.816770221850955,7.686155182143681,0.125,-2.2199999999999998,16.631264146178772,6.0100027114767025,0.0,1.0,1.0,1.0,2.0,0.0,2.0,1.0,4.0,1.0,8.0,6.0,3.0,0.0,928.3485265339729,1,1.0,1.0,0.0,0.0,0.0,0.0,0.0,0.0,0.0,0.0,0.0,1.0,0.0,0.0,0.0,0.0,0.0,0.0,0.0,0.0,1.0,0.0,1.0,0.0,0.0,0.0,1.0,1.0,0.0,0.0,1.0,1.0,0.0,1.0,0.0,0.0,0.0,1.0,1.0,0.0,0.0,0.0,0.0,1.0,1.0,0.0,1.0,0.0,1.0
CHEMBL362013,1.3333333333333333,411.7870000000001,0.33999598175409274,-0.33999598175409274,424.89100000000013,140.0,14.133196617430038,10.435132048040726,9.27811246139353,0.1875,-2.27,18.11005851853865,6.127718601646396,0.0,1.0,1.0,1.0,1.0,2.0,3.0,1.0,7.0,1.0,11.0,8.0,4.0,0.0,1200.9610888491752,1,1.0,1.0,0.0,0.0,0.0,0.0,0.0,1.0,0.0,0.0,0.0,1.0,0.0,0.0,0.0,1.0,0.0,0.0,0.0,0.0,1.0,1.0,1.0,1.0,1.0,1.0,1.0,1.0,0.0,0.0,1.0,1.0,0.0,1.0,0.0,0.0,0.0,1.0,1.0,0.0,0.0,0.0,0.0,1.0,1.0,1.0,1.0,0.0,1.0
CHEMBL174386,1.12,363.1150000000002,0.49379534720385654,-0.49379534720385654,377.22700000000015,128.0,13.430954333083854,8.136243441666611,6.533742737450513,0.1111111111111111,-2.4999999999999987,17.327155351936693,6.4251555555555555,0.0,0.0,0.0,1.0,2.0,1.0,3.0,0.0,4.0,2.0,7.0,5.0,3.0,0.0,1074.0847319818417,1,0.0,0.0,0.0,0.0,0.0,0.0,0.0,0.0,0.0,1.0,0.0,0.0,0.0,0.0,0.0,1.0,0.0,0.0,0.0,0.0,1.0,0.0,0.0,1.0,0.0,1.0,1.0,1.0,0.0,0.0,1.0,1.0,0.0,0.0,0.0,0.0,0.0,0.0,1.0,0.0,0.0,1.0,0.0,1.0,1.0,1.0,0.0,0.0,1.0
CHEMBL177288,1.4166666666666667,373.7580000000001,0.3001488811626907,-0.3001488811626907,385.8540000000001,126.0,12.608632752740453,9.401312312811537,8.830966742313652,0.21428571428571427,-1.8099999999999996,17.02736630276947,5.922489205685306,0.0,1.0,1.0,1.0,1.0,1.0,2.0,1.0,6.0,1.0,10.0,7.0,3.0,0.0,954.6792029778368,1,1.0,1.0,0.0,0.0,0.0,0.0,0.0,1.0,0.0,0.0,0.0,1.0,0.0,0.0,0.0,1.0,0.0,0.0,0.0,0.0,1.0,1.0,1.0,0.0,1.0,0.0,1.0,1.0,0.0,0.0,1.0,1.0,0.0,1.0,0.0,0.0,0.0,1.0,1.0,0.0,0.0,0.0,0.0,1.0,1.0,1.0,1.0,0.0,1.0
CHEMBL174888,1.1304347826086956,315.65100000000007,0.4937953433537747,-0.4937953433537747,328.7550000000001,116.0,12.20769039845388,7.241946462963145,5.509267412744792,0.058823529411764705,-2.7899999999999987,15.119029907917161,5.775764874752031,0.0,0.0,0.0,1.0,2.0,1.0,3.0,0.0,4.0,2.0,6.0,5.0,3.0,0.0,964.974690231714,1,0.0,0.0,0.0,0.0,0.0,0.0,0.0,0.0,0.0,1.0,0.0,0.0,0.0,0.0,0.0,1.0,0.0,0.0,0.0,0.0,1.0,0.0,0.0,1.0,0.0,1.0,1.0,1.0,0.0,0.0,1.0,1.0,0.0,0.0,0.0,0.0,0.0,0.0,1.0,0.0,0.0,1.0,0.0,1.0,1.0,0.0,0.0,0.0,1.0
CHEMBL174794,1.4,292.3,0.30130282858949586,-0.30130282858949586,304.396,102.0,10.751415153679714,7.944820652270753,6.785922886956634,0.21428571428571427,-1.6599999999999997,13.328940228504798,5.3781508385573265,0.0,1.0,1.0,1.0,1.0,1.0,2.0,1.0,5.0,1.0,6.0,4.0,3.0,0.0,681.3183565210203,0,0.0,1.0,0.0,0.0,0.0,0.0,0.0,1.0,0.0,0.0,0.0,0.0,0.0,0.0,0.0,1.0,0.0,0.0,0.0,0.0,0.0,1.0,0.0,0.0,1.0,0.0,0.0,1.0,1.0,0.0,1.0,0.0,0.0,1.0,0.0,0.0,0.0,1.0,1.0,0.0,0.0,0.0,0.0,1.0,0.0,0.0,1.0,1.0,1.0
CHEMBL176475,1.3478260869565217,322.237,0.4316186114333589,-0.4316186114333589,335.34100000000007,120.0,12.308018548920852,8.104171443013414,7.033411654044302,0.21428571428571427,-2.52,15.378544851255683,5.284764803900511,0.0,1.0,1.0,1.0,1.0,1.0,2.0,1.0,6.0,1.0,9.0,8.0,3.0,0.0,902.6414898641992,0,1.0,1.0,1.0,0.0,0.0,0.0,0.0,0.0,0.0,0.0,0.0,1.0,1.0,0.0,0.0,1.0,0.0,0.0,0.0,0.0,1.0,1.0,1.0,0.0,1.0,0.0,0.0,1.0,0.0,0.0,1.0,1.0,0.0,1.0,0.0,0.0,0.0,1.0,1.0,0.0,0.0,0.0,0.0,1.0,1.0,1.0,1.0,0.0,1.0
CHEMBL367880,1.103448275862069,394.3030000000002,0.49674240023725025,-0.49674240023725025,413.4550000000001,150.0,16.040069356489727,10.256623139032826,8.697487380191275,0.2,-3.169999999999999,19.159693639884743,6.713130500261168,0.0,1.0,1.0,1.0,2.0,1.0,3.0,1.0,6.0,1.0,9.0,8.0,4.0,0.0,1248.107349162781,0,1.0,1.0,0.0,0.0,0.0,0.0,0.0,0.0,0.0,0.0,0.0,1.0,0.0,0.0,0.0,1.0,0.0,0.0,0.0,0.0,1.0,0.0,1.0,1.0,1.0,1.0,0.0,1.0,0.0,0.0,1.0,1.0,0.0,1.0,0.0,0.0,0.0,1.0,1.0,1.0,0.0,0.0,1.0,1.0,1.0,1.0,1.0,0.0,1.0
CHEMBL367970,1.1071428571428572,401.7460000000001,0.3399959817880175,-0.3399959817880175,417.8740000000001,144.0,15.009785539035093,10.21119741285087,8.912314645271797,0.15789473684210525,-2.6799999999999997,18.672580676050945,6.439332642096335,0.0,1.0,1.0,1.0,2.0,1.0,3.0,1.0,5.0,1.0,9.0,7.0,4.0,0.0,1235.0472691068055,1,1.0,1.0,0.0,0.0,0.0,0.0,0.0,0.0,0.0,0.0,0.0,1.0,0.0,0.0,0.0,1.0,0.0,0.0,0.0,0.0,1.0,0.0,1.0,1.0,1.0,1.0,1.0,1.0,0.0,0.0,1.0,1.0,0.0,1.0,0.0,0.0,0.0,1.0,1.0,0.0,0.0,0.0,0.0,1.0,1.0,1.0,1.0,0.0,1.0
CHEMBL176920,0.9032258064516129,458.6230000000003,0.49378077300567685,-0.49378077300567685,473.74300000000017,156.0,15.902776933227758,10.336441314813566,8.123772752147651,0.043478260869565216,-2.9899999999999984,21.249990719827927,8.631789126571192,0.0,0.0,0.0,1.0,3.0,1.0,4.0,0.0,4.0,2.0,8.0,5.0,4.0,0.0,1368.3555992727574,1,0.0,0.0,0.0,0.0,0.0,0.0,0.0,0.0,0.0,1.0,0.0,0.0,0.0,0.0,0.0,1.0,0.0,0.0,0.0,0.0,1.0,0.0,0.0,1.0,0.0,1.0,1.0,1.0,1.0,0.0,1.0,0.0,1.0,0.0,0.0,0.0,0.0,0.0,1.0,0.0,0.0,1.0,0.0,1.0,1.0,0.0,0.0,1.0,0.0
CHEMBL368628,1.03125,478.22300000000024,0.32377122483974685,-0.32377122483974685,493.34300000000025,164.0,16.257658478309015,11.53738364328978,9.73846466306231,0.09090909090909091,-2.939999999999999,22.260960924405232,8.53666351625812,0.0,1.0,1.0,2.0,3.0,0.0,3.0,1.0,4.0,1.0,10.0,6.0,4.0,0.0,1333.0124135346693,1,1.0,1.0,0.0,0.0,1.0,0.0,0.0,0.0,0.0,0.0,0.0,1.0,0.0,0.0,0.0,0.0,0.0,0.0,0.0,0.0,1.0,0.0,0.0,1.0,0.0,0.0,1.0,1.0,0.0,0.0,1.0,0.0,1.0,1.0,0.0,0.0,0.0,1.0,1.0,0.0,0.0,0.0,0.0,1.0,1.0,0.0,0.0,1.0,0.0
CHEMBL176868,1.4090909090909092,339.76400000000007,0.30129337402468664,-0.30129337402468664,352.86800000000005,114.0,11.922272845502393,8.76596765376876,8.160994748723203,0.26666666666666666,-1.3699999999999999,15.522823494010838,6.02410141798652,0.0,1.0,1.0,1.0,1.0,1.0,2.0,2.0,5.0,1.0,7.0,4.0,3.0,0.0,759.7507637536846,1,0.0,1.0,0.0,0.0,0.0,0.0,0.0,1.0,0.0,0.0,0.0,0.0,0.0,0.0,0.0,1.0,0.0,0.0,0.0,0.0,0.0,1.0,0.0,0.0,1.0,0.0,1.0,1.0,0.0,0.0,1.0,0.0,0.0,1.0,0.0,0.0,0.0,1.0,1.0,0.0,0.0,0.0,0.0,1.0,0.0,1.0,1.0,0.0,1.0
CHEMBL369850,1.0869565217391304,292.209,0.49379534721841545,-0.49379534721841545,308.3370000000001,116.0,12.829725925444652,7.1749997534493035,5.43196401122644,0.1111111111111111,-3.0799999999999987,14.84056715861261,5.606314922290351,0.0,0.0,0.0,1.0,2.0,1.0,3.0,0.0,4.0,2.0,5.0,5.0,3.0,0.0,959.4029085070082,0,0.0,0.0,0.0,0.0,0.0,0.0,0.0,0.0,0.0,1.0,0.0,0.0,0.0,0.0,0.0,1.0,0.0,0.0,0.0,0.0,1.0,0.0,0.0,1.0,0.0,1.0,0.0,1.0,0.0,0.0,1.0,1.0,0.0,0.0,0.0,0.0,0.0,0.0,1.0,0.0,0.0,1.0,0.0,1.0,1.0,1.0,0.0,0.0,1.0
CHEMBL177879,1.24,370.7040000000001,0.32377264929865035,-0.32377264929865035,382.8000000000001,130.0,12.863186147354737,8.926502167619866,7.739911632814087,0.125,-2.449999999999999,17.37553166777971,6.123816409029658,0.0,1.0,1.0,2.0,2.0,0.0,2.0,1.0,4.0,1.0,9.0,6.0,3.0,0.0,993.3792783178167,1,1.0,1.0,0.0,0.0,1.0,0.0,0.0,0.0,0.0,0.0,0.0,1.0,0.0,0.0,0.0,0.0,0.0,0.0,0.0,0.0,1.0,0.0,0.0,1.0,0.0,0.0,1.0,1.0,0.0,0.0,1.0,1.0,0.0,1.0,0.0,0.0,0.0,1.0,1.0,0.0,0.0,0.0,0.0,1.0,1.0,0.0,0.0,0.0,1.0
CHEMBL176508,1.0434782608695652,316.253,0.3251085224488562,-0.3251085224488562,330.3650000000001,118.0,12.261957739715534,8.343222952411784,7.074568687061996,0.125,-2.669999999999999,15.234339880821189,5.5107305577223,0.0,1.0,1.0,2.0,2.0,0.0,2.0,1.0,4.0,1.0,7.0,6.0,3.0,0.0,877.9630657394952,0,1.0,1.0,0.0,0.0,0.0,0.0,0.0,0.0,0.0,0.0,0.0,1.0,0.0,0.0,0.0,0.0,0.0,0.0,0.0,0.0,1.0,0.0,0.0,1.0,0.0,0.0,0.0,1.0,0.0,0.0,1.0,1.0,0.0,1.0,0.0,0.0,0.0,1.0,1.0,0.0,0.0,0.0,0.0,1.0,1.0,0.0,0.0,0.0,1.0
CHEMBL174792,1.3333333333333333,388.3450000000001,0.33714449227141974,-0.33714449227141974,404.47300000000007,140.0,14.539689194796983,10.533622687707354,8.882596672714953,0.23529411764705882,-2.56,17.833976999379512,6.254947651170601,0.0,1.0,1.0,1.0,1.0,2.0,3.0,1.0,7.0,1.0,10.0,8.0,4.0,0.0,1165.2324122323823,0,1.0,1.0,0.0,0.0,0.0,0.0,0.0,1.0,0.0,0.0,0.0,1.0,0.0,0.0,0.0,1.0,0.0,0.0,0.0,0.0,1.0,1.0,1.0,1.0,1.0,1.0,0.0,1.0,0.0,0.0,1.0,1.0,1.0,1.0,0.0,1.0,0.0,1.0,1.0,0.0,0.0,0.0,0.0,1.0,1.0,1.0,1.0,1.0,1.0
CHEMBL368613,1.4166666666666667,373.75800000000004,0.30014888118929506,-0.30014888118929506,385.8540000000001,126.0,12.608632752740453,9.401312312811537,8.830966742313652,0.21428571428571427,-1.8099999999999996,17.02736630276947,5.922489205685306,0.0,1.0,1.0,1.0,1.0,1.0,2.0,1.0,6.0,1.0,10.0,7.0,3.0,0.0,954.6792029778368,1,1.0,1.0,0.0,0.0,0.0,0.0,0.0,1.0,0.0,0.0,0.0,1.0,0.0,0.0,0.0,1.0,0.0,0.0,0.0,0.0,1.0,1.0,1.0,0.0,1.0,0.0,1.0,1.0,0.0,0.0,1.0,1.0,0.0,1.0,0.0,0.0,0.0,1.0,1.0,0.0,0.0,0.0,0.0,1.0,1.0,1.0,1.0,0.0,1.0
CHEMBL367899,1.36,362.32700000000017,0.3001485009239079,-0.3001485009239079,379.46300000000014,132.0,13.722232111293946,10.044484426048127,8.491470601797877,0.3125,-2.0999999999999996,17.714341704166063,6.659755223090899,0.0,1.0,1.0,1.0,1.0,1.0,2.0,1.0,6.0,1.0,9.0,7.0,3.0,0.0,936.3614029172189,0,1.0,1.0,0.0,0.0,0.0,0.0,0.0,1.0,0.0,0.0,0.0,1.0,0.0,0.0,0.0,1.0,0.0,0.0,0.0,0.0,1.0,1.0,1.0,0.0,1.0,0.0,0.0,1.0,0.0,1.0,1.0,1.0,0.0,1.0,1.0,1.0,1.0,1.0,1.0,0.0,0.0,0.0,0.0,1.0,1.0,1.0,1.0,0.0,1.0
CHEMBL173233,1.206896551724138,396.2990000000002,0.49674240023725025,-0.49674240023725025,414.4430000000001,150.0,15.909932682800061,10.116420358601818,8.546439876952794,0.21052631578947367,-3.2399999999999993,19.092789127226233,6.675310650887576,0.0,1.0,1.0,1.0,1.0,2.0,3.0,1.0,7.0,1.0,10.0,9.0,4.0,0.0,1250.5901758072637,0,1.0,1.0,0.0,1.0,0.0,0.0,0.0,0.0,0.0,0.0,0.0,1.0,0.0,0.0,0.0,1.0,0.0,0.0,0.0,0.0,1.0,1.0,1.0,1.0,1.0,1.0,0.0,1.0,0.0,0.0,1.0,1.0,0.0,1.0,0.0,0.0,0.0,1.0,1.0,1.0,0.0,0.0,1.0,1.0,1.0,1.0,1.0,0.0,1.0
CHEMBL368808,1.08,387.15900000000005,0.3242857250262228,-0.3242857250262228,399.25500000000005,130.0,12.863186147354735,9.294400533887755,8.263458583662032,0.125,-1.9299999999999993,17.879015172355857,6.418663110432478,0.0,1.0,1.0,1.0,2.0,0.0,2.0,1.0,4.0,1.0,9.0,6.0,3.0,0.0,974.1292783178168,1,1.0,1.0,0.0,0.0,0.0,0.0,0.0,0.0,0.0,0.0,0.0,1.0,0.0,0.0,0.0,0.0,0.0,0.0,0.0,0.0,1.0,0.0,1.0,0.0,0.0,0.0,1.0,1.0,0.0,0.0,1.0,1.0,0.0,1.0,0.0,0.0,0.0,1.0,1.0,0.0,0.0,0.0,0.0,1.0,1.0,0.0,1.0,0.0,1.0
CHEMBL174990,1.0869565217391304,315.65100000000007,0.493795348146419,-0.493795348146419,328.7550000000001,116.0,12.207690398453877,7.241946462963143,5.50581308905084,0.058823529411764705,-2.7899999999999987,15.119029907917161,5.775764874752031,0.0,0.0,0.0,1.0,2.0,1.0,3.0,0.0,4.0,2.0,6.0,5.0,3.0,0.0,961.9746902317139,1,0.0,0.0,0.0,0.0,0.0,0.0,0.0,0.0,0.0,1.0,0.0,0.0,0.0,0.0,0.0,1.0,0.0,0.0,0.0,0.0,1.0,0.0,0.0,1.0,0.0,1.0,1.0,1.0,0.0,0.0,1.0,1.0,0.0,0.0,0.0,0.0,0.0,0.0,1.0,0.0,0.0,1.0,0.0,1.0,1.0,0.0,0.0,0.0,1.0
CHEMBL353327,1.1111111111111112,434.6230000000002,0.32377123255546003,-0.32377123255546003,447.72700000000015,142.0,13.870907132360884,10.35821790436932,8.847415766889226,0.17647058823529413,-1.7999999999999985,19.94772923875433,7.314193302037243,0.0,1.0,1.0,2.0,2.0,0.0,2.0,1.0,4.0,1.0,10.0,6.0,3.0,0.0,1056.139200181515,1,1.0,1.0,0.0,0.0,0.0,0.0,0.0,0.0,0.0,0.0,0.0,1.0,0.0,0.0,0.0,0.0,0.0,0.0,0.0,0.0,1.0,0.0,0.0,1.0,0.0,0.0,1.0,1.0,0.0,0.0,1.0,0.0,1.0,1.0,0.0,1.0,0.0,1.0,1.0,0.0,0.0,0.0,0.0,1.0,1.0,0.0,0.0,1.0,1.0
CHEMBL177483,1.1111111111111112,368.28900000000004,0.3399973922587193,-0.3399973922587193,384.4170000000001,138.0,14.579034661525826,9.593364320383062,8.180509416821021,0.16666666666666666,-3.04,17.377640377215613,5.999402640367031,0.0,1.0,1.0,1.0,1.0,2.0,3.0,1.0,6.0,1.0,9.0,8.0,4.0,0.0,1184.7969339412346,0,1.0,1.0,0.0,1.0,0.0,0.0,0.0,0.0,0.0,0.0,0.0,1.0,0.0,0.0,0.0,1.0,0.0,0.0,0.0,0.0,1.0,1.0,1.0,1.0,1.0,1.0,0.0,1.0,0.0,0.0,1.0,1.0,0.0,1.0,0.0,0.0,0.0,1.0,1.0,0.0,0.0,0.0,0.0,1.0,1.0,1.0,1.0,0.0,1.0
CHEMBL177273,1.4166666666666667,373.75800000000004,0.30097738750677905,-0.30097738750677905,385.8540000000001,126.0,12.608632752740453,9.40539535540917,8.800137972444269,0.21428571428571427,-1.9699999999999993,16.872735594240034,5.8337594909813175,0.0,1.0,1.0,2.0,1.0,1.0,2.0,1.0,6.0,1.0,10.0,7.0,3.0,0.0,954.6792029778368,1,1.0,1.0,0.0,0.0,0.0,0.0,0.0,1.0,0.0,0.0,0.0,1.0,0.0,0.0,0.0,1.0,0.0,0.0,0.0,0.0,1.0,1.0,0.0,1.0,1.0,0.0,1.0,1.0,0.0,0.0,1.0,1.0,0.0,1.0,0.0,0.0,0.0,1.0,1.0,0.0,0.0,0.0,0.0,1.0,1.0,1.0,0.0,0.0,1.0
CHEMBL177982,1.2307692307692308,374.33800000000014,0.30015688696948317,-0.30015688696948317,387.4420000000001,132.0,13.54006935648973,9.973758147526969,8.60684080219996,0.11764705882352941,-2.6199999999999997,16.827325236052538,5.974402957791849,0.0,1.0,1.0,1.0,2.0,1.0,3.0,1.0,6.0,1.0,9.0,7.0,4.0,0.0,1140.034197942502,0,1.0,1.0,0.0,0.0,0.0,0.0,0.0,1.0,0.0,0.0,0.0,1.0,0.0,0.0,0.0,1.0,0.0,0.0,0.0,0.0,1.0,1.0,1.0,0.0,1.0,0.0,0.0,1.0,0.0,0.0,1.0,1.0,0.0,1.0,0.0,0.0,0.0,1.0,1.0,0.0,0.0,0.0,0.0,1.0,1.0,0.0,1.0,0.0,1.0
